subreddit,missing_count,total_count
bugs,25,19318
business,79,975207
de,12,387867
ads,8,74344
entertainment,102,902138
gadgets,64,855684
gaming,3318,34238496
joel,8,2569
netsec,31,289353
nsfw,60,1175483
politics,4200,24852230
features,2,1366
obama,22,125103
AdviceAnimals,2457,29168320
lipstick.com,2,97
4chan,485,2324636
3DS,124,1232599
AMA,60,514252
AskReddit,17286,205362127
911truth,6,62208
90daysgoal,18,169425
apple,219,2683998
actuallesbians,129,734037
aberoth,2,34236
Acadiana,2,39868
announcements,35,318523
ADD,2,5170
atheism,3093,16820424
programming,1105,4000613
Android,756,5783060
comics,63,1041559
beer,57,915246
AdvancedFitness,4,46794
anime,231,5477729
adventuretime,81,570336
reddit.com,4415,12560130
amiugly,89,1684547
Economics,239,1719146
Anarchism,131,790188
energy,29,310289
AndroidQuestions,26,344240
funny,4071,53606861
AmISexy,93,526927
cogsci,5,93667
Advice,4,449080
AFL,14,779619
againstmensrights,9,181464
environment,29,560197
aggies,24,121989
aiclass,2,24358
offbeat,96,1332138
airsoft,52,914985
albanygaming,2,54
AmericanJewishPower,2,1350
AmericanPolitics,4,18245
Bacon,6,54862
geek,101,837930
Health,60,418767
pics,4155,50346099
Buddhism,51,483939
Libertarian,423,2729771
science,710,6076121
answers,34,308762
linux,221,1674348
news,263,12840638
ancientworldproblems,2,7193
canada,340,3944422
Anarcho_Capitalism,104,1038581
anarchomasculism,2,118
math,83,764849
Drugs,160,2521732
applehelp,52,363309
angelsbaseball,5,78831
AnimalPorn,3,46197
AnimalRights,2,20277
Art,69,664325
Freethought,16,70192
AnsweredQuestions,2,515
philosophy,169,1067332
arresteddevelopment,17,200790
ArtCrit,7,34318
ArcherFX,11,207544
architecture,16,163895
24hoursupport,12,82154
250r,20,10875
2XLookbook,2,6358
2XRedditMeet,2,745
30ROCK,6,34344
askmeaboutmyjob,15,2276
askphilosophy,34,247662
49ers,10,598356
Israel,83,580462
aaaaaatheismmmmmmmmmm,20,22522
Aarhus,2,5355
AbandonedPorn,40,242337
4x4,6,128873
52weeksofbaking,4,3922
52weeksofcooking,10,27967
ABDL,8,97439
Aberystwyth,4,932
abletonlive,10,44055
Music,889,6639207
ableton,4,47559
AcademicPhilosophy,10,17237
AcademicPsychology,14,21154
Accordion,2,7639
Accounting,54,298581
request,4,1831
acne,4,41760
AcousticOriginals,2,5599
ACTA,4,3876
acting,4,65740
ActionFigures,6,79794
scifi,93,1037140
NativeAmerican,7,16467
technology,988,9565444
movies,843,12410781
ADHD,42,446727
actuary,8,44149
Adelaide,4,98522
1960s,6,479
admincraft,4,107487
AdrenalinePorn,8,33425
AdventureRacing,2,7154
0x10c,4,27631
advertising,4,70959
worldnews,1518,22577756
1000words,2,2423
100sets,8,3127
1stFighterWing,4,51
2012Elections,12,14313
AskEngineers,35,262515
WTF,2012,31674105
carlhprogramming,3,10177
Psychonaut,42,509734
Python,23,299933
sports,84,1470604
sv,1,387
askscience,593,3029565
Albuquerque,2,63084
AfterEffects,2,61419
AFireInside,1,2097
aguascalientes,1,80
aikido,2,18150
AgeofMythology,5,15338
agnostic,7,26503
ainbow,126,426979
AirForce,21,463086
airmc,3,4664
airsoftmarket,3,120815
videos,1868,24229984
alaska,2,73342
AlbumArtPorn,3,47424
Albany,3,66345
alcohol,3,57919
Alcatraz,13,1193
Aleague,2,183515
alcoholism,6,44760
AlienBlue,5,162620
AlisonBrie,4,29493
Alien_rights,1,1
alternativeart,5,48385
AllThingsTerran,4,161223
Amateur,1,94907
amateurradio,19,215403
ambien,1,7999
ambientmusic,2,15046
amishsmp,5,15891
self,94,1334720
AceOfSpades,2,7729
Amsterdam,13,71771
amv,1,9071
blog,18,810197
DoesAnybodyElse,61,1578325
AncapMinecraft,6,2067
ancientrome,2,12603
androgyny,1,4163
androidapps,2,247380
androiddev,13,202690
Christianity,409,4019343
alberta,2,53744
SuicideWatch,73,687933
evedreddit,30,129194
2007scape,3,1947330
conspiracy,154,3239923
AnimalCrossing,2,512721
androidthemes,2,135282
AnimatedGIF,1,355
animation,1,81556
AnimeSketch,3,43749
ukpolitics,57,1116861
web_design,100,720181
WeAreTheMusicMakers,137,955722
AnnArbor,6,45855
anonymous,8,78125
Anthropology,27,48303
anthro,1,1393
AntiJokes,2,70271
Antiques,2,28142
antisrs,4,151711
Antitheism,1,14136
antiwar,1,3761
Anxiety,20,341089
AnythingGoesNews,21,102803
AnythingGoesPics,12,27520
AnythingGoesUltimate,2,4840
AppalachianTrail,2,51730
aoe2,9,94370
4CHR,2,5
electronics,28,212313
ABraThatFits,3,332771
AmateurArchives,1,47370
appstate,17,17549
aquaponics,1,39146
appletv,5,19878
Aquariums,103,760732
askedreddit,2,879
AskElectronics,9,190720
ACMilan,1,69145
Archaeology,8,37785
ar15,16,374249
ArchitecturePorn,1,33946
Archery,5,129114
archlinux,17,113909
feminisms,12,112500
arduino,12,224077
worldpolitics,101,646840
arizona,1,48171
argentina,13,684392
arlington,2,9028
ArtBattle,1,1633
ArtHistory,1,15790
artificial,7,20720
arsenal,1,2655
AsianHotties,1,62977
asexuality,3,47389
asiantwoX,4,17682
asianamerican,1,109219
asianeats,1,9916
askart,2,114
askashittydoctor,1,23890
AskAcademia,8,88779
AskCulinary,8,359376
askdrugs,13,66440
AskHistorians,30,1139784
AskFeminists,20,185798
AskMen,62,5040366
AskHistory,1,25402
AskPhotography,1,48023
askminecraft,1,4789
AskNetsec,1,56575
food,133,2026569
ainbowdash,1,3839
itookapicture,40,406280
bicycling,176,2025986
IAmA,3389,19062858
books,99,2852813
formula1,75,2294717
wikipedia,50,271180
Assetbarbarians,1,486
MensRights,350,2687096
AnimeMusicVideos,1,431
climateskeptics,13,151206
collapse,81,252741
armyofmaids,1,375
space,86,1301799
askamerica,1,3220
DebateAnAtheist,77,423386
3dsFCswap,2,134060
alpinism,1,15890
gonewild,484,10205610
Amtgard,1,1371
WebGames,15,154104
ambientidm,1,121
CFB,328,9468362
economy,29,240175
electronicmusic,48,464916
EMEuroHist,1,87
australia,218,3203890
aviation,31,479999
baseball,124,4021417
ACTrade,11,1598395
asktransgender,61,869988
fffffffuuuuuuuuuuuu,1957,8446897
boston,40,765096
Fitness,721,6417601
AmericanHorrorStory,1,211831
Austin,97,1061386
cheatatmathhomework,14,218183
Metal,134,1213322
chemistry,18,277299
todayilearned,1355,21104095
aphoenix,2,4
circlejerk,4748,2193353
dogs,43,832533
dubstep,42,286584
ECE,5,115035
codbo,11,151931
bestof,131,1601230
AdviceAtheists,3,37141
brisbane,56,387905
beach,2,315
Cricket,21,1278439
buildup,1,4
criticalsoftware,1,74
AsianNSFW,2,5204
demonssouls,6,43833
DIY,110,1468157
boltedontits,7,47946
doctorwho,144,1538887
Documentaries,35,652218
poker,47,684635
Guitar,144,1856175
fnv,2,88397
guns,620,4734884
hardware,81,572894
hockey,215,10613453
askseddit,18,186659
ArtContests,1,3
asoiaf,192,3676259
Atlanta,66,726258
audio,4,42890
CR48,1,9050
aww,399,8031670
ANGEL,1,9951
dating_advice,47,376084
DebateAChristian,51,814031
badcompany2,18,178874
baltimore,19,327296
discgolf,45,574660
Cooking,88,1030996
ideasfortheadmins,10,91446
biology,31,169575
arabs,1,200294
Bitcoin,36,4133621
blender,9,135819
arma,5,276582
army,2,467595
ffxiv,16,2931704
firefly,23,168165
brink,4,9707
AskWomen,69,4772219
Autos,43,671778
buildapc,408,5827102
aves,24,210607
Assistance,23,315481
FittitBuddy,1,3570
Astronomy,19,207647
asheville,1,78820
Bad_Cop_No_Donut,33,575808
Frugal,177,1977983
askgaybros,2,544843
battlefield3,475,1524011
cars,202,2934289
BBQers,1,1068
bicycletouring,7,120527
nature,1,22908
birdpics,1,43113
BitcoinMining,1,61392
Eve,174,2659106
bisexual,39,193007
Ask_Politics,1,109761
ColbertRally,2,39771
Columbus,20,244212
relationship_advice,134,2013473
tf2,423,3997844
community,59,845083
Jazz,11,143598
audiophile,31,396638
Gameboy,1,35329
gamecollecting,54,628091
TwoXChromosomes,723,5392823
Cplusplus,1,8036
cripplingalcoholism,43,592272
Minecraft,555,6023246
humor,38,279215
Dallas,42,379284
depression,50,1046773
cats,43,877983
backpacking,4,117737
DepthHub,26,102455
Dexter,15,288690
Diablo,175,2505347
BarCraft,4,10180
Barca,8,352603
DnB,12,122702
chicago,137,1135786
barter,1,14412
DJs,59,258091
basslessons,3,2341
childfree,17,1570891
Bass,31,390400
battlestations,68,812454
bayarea,18,241193
beamom,1,455
BeardPorn,7,67108
beards,11,397494
BDSMcommunity,53,306450
beerporn,31,258806
chrome,17,98420
berkeley,11,133473
Bellingham,4,43343
beertrade,12,236335
nfl,822,20323397
drunk,22,638128
allthingsprotoss,2,106180
BigBrother13,1,3179
BikeShop,1,8720
bikewrench,5,112624
eastside,1,10123
BipolarReddit,21,165198
Coffee,49,494920
collegebaseball,1,26637
comicbooks,167,1978228
bjj,29,885528
bloomington,2,37916
blackberry,2,80092
bleach,14,318888
boardgames,63,1345121
bodybuilding,12,1401695
trees,1752,15121551
Boobies,10,180280
bookshelf,5,15874
engineering,33,387834
botcirclejerk,1,7433
Braves,3,300939
Breadit,5,70151
breakingbad,65,1392058
BreakUps,27,131695
Browns,3,436364
Buffalo,5,116200
Fantasy,47,721462
daddit,15,245341
fffffffuuuuuuuuuuuud,16,26179
soccer,572,13956748
GuessTheMovie,6,427585
sex,314,4818283
Denver,55,494703
BurningMan,22,185894
diabloxiphirx,1,84
design_critiques,8,147332
Calgary,22,624255
happy,6,166251
LucidDreaming,18,309161
canucks,5,297556
help,8,97056
canberra,7,26721
CanadianForces,15,71042
malefashionadvice,397,4321553
HeroesofNewerth,107,443938
Cascadia,2,47095
Cartalk,30,258313
Catholic,1,5223
Catholicism,19,564798
Dreams,8,66549
CCW,14,377442
hookah,14,394078
chelseafc,17,652087
Chennai,5,11395
CHIBears,17,636644
EarthPorn,24,783122
metanarchism,11,93193
Military,74,910641
PS3,51,613972
China,35,557107
Edmonton,6,259937
ElPaso,4,20952
Christian,3,8779
AnimalsBeingDerps,1,30515
cigars,84,1248136
Enhancement,21,96889
cincinnati,12,227750
gameswap,48,889140
CityPorn,13,157075
civ,12,1177556
exmormon,61,1605696
classicalmusic,59,264502
classicrage,18,51490
climbing,56,504819
Favors,18,192512
closetswap,2,7363
codboPM,2,1964
coding,3,32239
f1hotlap,11,1703
BMW,23,411487
columbiamo,3,16190
fantasyfootball,55,5742889
comedy,3,27979
composer,5,26819
computertechs,11,65397
computing,7,16659
Conservative,35,888791
Inglip,4,23740
cordcutters,38,379024
couchsurfing,1,15278
counterstrike,18,81335
islam,147,1005189
coys,39,618793
cpp,2,76281
fifaleagues,1,964
creepy,43,1172874
transformice,2,9892
Kayaking,2,48634
CrohnsDisease,6,124756
css,1,36082
csuf,1,23776
language,1,6037
Cyberpunk,17,280687
CyclingMSP,4,3874
cwru,2,6379
cycling,3,127011
darknetplan,17,51426
darksouls,121,1585905
dbz,26,502231
Learnmusic,3,10567
DebateReligion,349,1816070
Deepconnection,24,6702
Demoscene,1,1454
Demotivators,1,12
AskScienceFiction,7,487957
detectiveinspectors,2,1338
DessertPorn,1,14431
designthought,1,3100
Deusex,22,48489
leagueoflegends,1655,35087100
AskAstrologers,1,7075
linux4noobs,6,169770
linuxadmin,8,54462
dfw,1,383
diabetes,20,223489
diablo3,25,597793
relationships,230,6511172
ForeverAlone,83,769557
AdoptMyVillager,3,537265
london,35,553977
LosAngeles,62,790090
loseit,183,1754500
magicTCG,297,4910145
AskSciTech,6,1291
glutenfree,16,101664
MakeupAddiction,60,3262433
ask,1,47136
AskSocialScience,9,137291
AskTechnology,2,30859
asktrees,1,23061
malehairadvice,15,201287
asmr,11,260571
9CB9D65F54ED858A,1,5
aspergers,13,256203
assassinscreed,11,603831
ass,7,176316
gif,10,121004
asstastic,4,191554
asustransformer,5,16829
astrophotography,2,119475
astrophysics,1,6904
AtheismComingOut,4,4227
ASU,5,38648
AtheismHumor,1,181
DotA2,605,12588533
DOTA,2,10105
Drifting,3,51137
shittyadvice,24,455846
drums,24,463149
duluth,1,9980
dvdcollection,33,209416
dwarffortress,114,525412
EA_NHL,4,161589
A858DE45F56D9BC9,9,13100
MMA,305,3778643
EdmontonMinecraft,1,700
edmproduction,61,665703
motorcycles,256,3243602
education,7,160438
electrohouse,12,96246
electronic_cigarette,44,5249586
starcraft,1128,6923013
ems,21,272797
hiphopheads,73,4860657
EngineeringStudents,33,358456
FixedGearBicycle,33,406488
history,40,703342
EnoughPaulSpam,68,119158
MLS,67,1926444
Entrepreneur,12,751137
entwives,16,126977
ents,12,24134
Eugene,4,109457
firstworldproblems,48,436331
exmuslim,25,429705
fitnesscirclejerk,115,688163
musictheory,31,150013
til,1,20453
gamedev,70,844233
explainlikeimfive,293,6177597
gameofthrones,153,3153218
toronto,90,1739837
transgender,17,124404
FantasyPL,5,307709
fashion,12,62590
ferrets,9,73675
Feminism,62,290892
Flyers,5,312399
OneY,9,172521
ottawa,33,543815
audioengineering,31,332545
nyc,121,981006
Physics,38,313759
Animesuggest,1,405372
security,1,11555
iphonehelp,1,16749
iphone,80,1107735
athensohio,1,11253
atheistparents,12,9062
AtlantaHawks,4,81144
auckland,4,50497
Audi,2,123575
auslaw,3,40240
AustinBeer,1,11132
AustinClassifieds,1,9361
AustinRP,2,1476
BabyBumps,68,2042425
wow,284,4918331
AustralianHeavyMusic,1,149
AustralianShepherd,1,13126
bakedart,3,13475
Kirkland,2,442
balisongs,12,2242
austrian_economics,16,28298
redditoroftheday,4,59761
Austria,3,64652
autism,3,61373
autopr0n,1,220
auto,6,23469
lgbt,141,858286
gamernews,106,471657
Polska,5,20910
gardening,39,573399
GNV,12,63578
prowrestling,9,37846
GoneWildPlus,54,1092189
AsianLadyboners,1,43624
psychology,25,269639
Awww,2,31069
babylon5,1,14393
bachelorchef,1,2611
BaconitWP,1,1187
baconreader,1,53594
BackYardChickens,2,59259
bakchodi,4,66051
Baking,7,146067
baldursgate,3,48120
balkanmusic,1,423
ballarat,4,1767
BallState,2,1796
banana,6,9108
bapcsalescanada,2,40620
BarefootRunning,6,50836
Filmmakers,26,463632
Baruch,1,1492
barista,4,23007
finance,29,142389
Bestof2011,3,14857
firstgradeproblems,3,2228
GradSchool,7,127286
google,9,217176
GreenParty,2,6248
batman,24,624066
gue,2,13578
Fishing,23,406037
bindingofisaac,5,709667
meetup,6,57699
Battlefield,5,152241
microgrowery,36,538184
BBW,3,64815
bboy,1,9774
BBQ,3,117223
baylor,12,21375
bdsm,7,99829
BDSMGW,1,47049
beadsprites,5,54773
beatles,6,123280
beatbox,1,4738
bedchambers,1,36
Beekeeping,8,62362
beermoney,13,298653
Beatmatch,4,96025
beerpong,1,567
flaglercollege,1,482
Flagstaff,1,8336
bellevue,1,2334
BellyButtons,1,243
belgium,9,186393
beetle,2,19470
beinghuman,1,2515
berlinsocialclub,3,7754
berlin,3,74526
Food_Pantry,3,16512
bestoftribunal,9,15077
bf3pc,2,4038
bestofthefray,5,43686
BiAndMonogamous,1,67
football,1,48920
footballmanagergames,8,267328
ForeverAloneDating,13,51372
Homebrewing,148,1342201
bigbangtheory,4,46935
france,19,680024
BigotryShowcase,1,1363
bikesgonewild,3,150528
Bikeporn,1,42368
freemasonry,3,140543
BinghamtonUniversity,4,9064
bioethics,1,821
bioinformatics,3,23248
Bioshock,3,220736
birthcontrol,2,64851
BTFC,6,80356
Bisexy,3,6386
bitchimabus,2,20758
Bitwig,1,2302
iamacirclejerk,1,225
HypotheticalReddit,2,636
blackbookgraffiti,2,35360
blackcherry,1,21
BlackAtheism,2,7558
blackgirls,11,14383
Blazblue,1,6327
blacksburg,2,1014
Blink182,2,94056
FuckThis,2,955
Mommit,9,157118
BlueJackets,1,57968
bloodbowl,3,26910
bloodlinechampions,3,7563
bloodypenguins,1,319
blues,1,18672
bmxracing,2,1411
bmx,1,60284
boardsofcanada,5,22503
BoardwalkEmpire,1,62875
boats,1,3072
BodyAcceptance,6,51811
bodyrock,1,99
Bombing,1,65061
Boise,9,73569
bonnaroo,4,261031
bodymods,5,40433
bodyweightfitness,12,341131
Bonsai,4,136557
BookCollecting,2,5870
bookexchange,2,31084
bookporn,3,16802
BooksAMA,1,10048
49ersunlimited,1,1
booksuggestions,8,229996
BostonBruins,6,373657
Borderlands,10,634139
bostoncollege,2,3589
BotanicalPorn,3,16152
botany,1,20710
BostonU,4,13619
boulder,7,81219
bourbon,7,253490
Boxer,1,32629
Boxing,6,600884
boycotthollywood,1,865
breakbeat,1,2890
Brazil,4,46148
ATC,1,10803
breastfeeding,4,189840
BritishTV,15,66624
bristol,3,41898
Broadway,1,13876
browsers,2,7513
brum,6,15024
btcspeculation,1,48
bronx,2,2045
Brooklyn,4,83876
BSG,18,58317
BSA,1,16307
buffy,5,113245
buffalobills,8,200666
buildapcsales,16,573271
buddies,1,266
budgetfood,8,64551
needadvice,7,239379
ruby,8,82831
RUGC_Midwest,12,24890
gaymers,103,643656
gifs,184,7062998
casualiama,124,2015505
Bukkake,2,410
bulgaria,1,10346
businENTS,2,224
catpictures,13,94826
BuyItForLife,43,299814
C25K,20,190857
cableporn,6,90846
CableManagement,1,52996
cad,2,19871
cablefail,3,41341
CalgaryFlames,2,141227
cade,11,55130
cakesminerapocalypse,12,892
CalgaryHousing,1,132
Portland,115,1176958
CalgarySocialClub,27,7842
California,3,135437
CalPolyPomona,6,7410
CalPoly,10,43434
californication,2,6876
calvinandhobbes,3,67980
CampingandHiking,25,288707
CanadaPolitics,15,644011
Seattle,85,1306842
orlando,14,190550
Chargers,12,225600
passionx,1,8719
Percussionists,3,6381
GT5,6,38806
antifanboy,1,1
promos,66,525001
india,110,3179700
cancer,6,65832
Canning,2,31033
canterbury,4,5527
CannabisExtracts,4,217281
canadients,2,11876
cannabis,11,53663
IndieGaming,30,223580
caps,3,148050
Career,1,1187
CarletonU,1,13797
CarAV,2,201334
cardgallery,2,165
Cardiff,3,8116
carporn,14,346071
investing,88,844964
Admin,1,179
iran,1,101192
ireland,94,1205708
photography,209,1828013
germany,27,266798
CastleStory,3,17712
CastleTV,5,20845
IWantToLearn,29,268010
golf,14,848157
jailbreak,51,2116056
japan,71,551096
javascript,9,216199
Catacombs,12,22244
jobs,33,521093
Catawampus,2,73
beijing,1,18867
KarmaHorse,2,666
celebrities,1,7903
Celebs,3,341240
caving,1,5249
ccna,2,42094
CemeteryPorn,1,8331
centralmich,1,7709
CCU,1,815
centralpa,2,17265
challenge,1,81
ChampaignUrbana,1,9
Charleston,1,62225
Charlotte,9,149823
chch,1,4850
Cheap_Meals,2,21357
Chattanooga,6,66566
cheeseburgers,1,1095
HIMYM,63,366217
chess,11,257204
chicagobeer,2,18437
chicagobulls,5,440034
chicagoEDM,2,15418
chicagofire,2,18491
chicagofood,2,12002
chickflixxx,8,12583
chicagotrees,2,21145
chile,1,54251
chinchilla,2,19469
ChineseLanguage,10,81830
ChineseReddit,1,1600
Chipins,1,3
chiptunes,1,31962
choralmusic,1,4373
ChristianGodDelusion,3,300
learnpython,3,190745
futurama,13,218944
HongKong,8,141845
GameDeals,54,1319802
boltedonlips,1,617
seduction,102,982672
ChristopherHitchens,1,5452
ChronicleManagement,4,167
Chronicle,1,26
chuck,12,29115
Cigarettes,2,40840
Cinemagraphs,1,73906
CIRCLEJERKMILITIA,14,2566
circlejerknyc,1,2791
listentothis,18,611226
lisp,3,27053
LondonSocialClub,33,77242
BestOfModMail,3,3
broodwar,1,2851
confession,45,716412
classicalguitar,6,22353
classicfilms,2,6336
Cleveland,3,142695
Clemson,1,25875
clevelandcavs,1,305705
mac,22,287947
climate,4,29761
ClimbingPorn,2,5763
Climbingvids,3,5319
clinicalpsych,1,762
ClopClop,18,115073
6trees1pot,1,13
Coachella,20,195830
cocktails,10,127857
CoD4,1,3317
CODCIRCLEJERK,1,1481
Codecademy,1,3936
malaysia,11,157773
COBeer,2,5806
COents,7,55743
coins,2,172736
coffeetrade,1,103
collared,1,5381
CollegeBasketball,65,1841611
AtlanticDivision,1,2473
Marijuana,13,395975
collegehockey,2,41201
college,1,192366
Colombia,3,21975
coloradocollege,1,505
Colorado,5,98074
mashups,5,87474
Colts,2,183688
columbia,1,7717
birthday,1,1692
masseffect,192,1195613
Mathematica,1,3734
mcpublic,15,112029
mctexturepacks,1,377
blackshark,1,126
croatia,3,180863
comicswap,2,72269
communism,9,71818
CAKEWIN,2,10790
commandline,4,29864
DAE,3,111055
AutoDetailing,2,167110
Complextro,4,11534
compsci,17,167614
computebazaar,4,4703
computerforensics,2,8319
computergraphics,3,21158
computers,2,129794
AngieVarona,1,2619
Avengers,4,26932
confessions,2,85141
Connecticut,4,144699
connerleverett,1,1
Rift,10,135175
consolehomebrew,1,315
travel,95,1020088
rpg,157,1025050
day9,5,21100
consulting,1,59213
conspiratard,14,527029
continentaltheory,3,1946
running,100,1205429
rva,11,367279
corgi,11,143894
cosplay,14,288870
Cornell,4,13129
corpus,4,8395
cowboys,3,410634
crafts,4,78179
craftit,1,15236
CrappyDesign,7,341130
CreationKit,1,685
ArtistOfTheDay,4,1364
crochet,10,305429
crossdressing,15,179273
crossfit,19,333886
420code,1,1620
cscareerquestions,11,456303
CubeWorld,12,104926
cumsluts,4,109239
CSULB,1,8294
culturalstudies,1,2812
Cumberbitches,5,203664
Cthulhu,1,5116
CTRG,2,112
Cubers,2,194754
CS_Questions,1,833
csshelp,4,74417
customization,2,7670
ifyoulikeblank,5,219013
CWU,2,2419
custommagic,8,227236
Cypher,2,6720
Daleks,1,457
DaftPunk,1,171371
Dance,2,17379
introvert,43,160228
daoc,2,3166
DesktopDetective,6,25597
darksoulsbuilds,5,7091
DarwinAward,2,1521
Database,4,17059
datgap,2,23901
datfeel,1,42204
Daww,2,3709
Datsun,1,18352
dayton,2,35861
DCcomics,7,719339
deadmau5,8,69540
DeadSpace,4,38330
DeadBedrooms,12,319505
Deathcore,6,46127
DCGaymers,2,3852
DebateaCommunist,22,123920
Aftermath1231,1,28408
bagpipes,1,7795
ApotheosisVillage,1,34033
bandmembers,1,8928
keto,263,1945521
debian,1,33308
Debt,2,2721
delorean,3,694
democrats,2,51648
KitchenConfidential,12,325357
deism,2,10588
Delaware,1,62265
deerhunter,1,394
Demotivational,27,48124
Denmark,8,486635
Dentistry,4,172793
languagelearning,12,201266
DenverBroncos,8,342802
Denton,4,50108
denvernuggets,1,34118
pokemon,313,5596813
depaul,2,5781
Design,29,340815
nba,392,15230555
desktops,4,24331
desmoines,8,28364
Destiny,3,121263
pokemontrades,167,4703983
DestructionPorn,4,30041
detroitlions,8,315638
DetroitRedWings,11,391750
Detroit,9,145020
diabeats,1,336
althea,3,182
neuro,5,31954
digimon,3,56445
dirtypenpals,3,338647
DisabledVets,2,306
disagreeable,3,3986
learnmath,14,179214
disneyparks,1,1691
discworld,1,39982
disney,20,232642
LegalTeens,3,62405
learnprogramming,69,976027
newzealand,153,1112308
django,2,41194
Djent,2,54488
DJSetups,6,11826
DMT,1,50154
dkpol,2,1751
DnD,16,1085974
nosleep,212,1322084
DunderMifflin,15,223336
GaState,1,19280
AoTRP,1,41837
gaysports,1,139
dodgeball,2,702
geeklove,1,43
startrek,101,900672
geocaching,1,60652
dogpictures,7,116181
GetMotivated,56,710371
ggggg,3,23893
Ghosts,3,19386
surfing,27,232465
Dogtraining,12,187974
Domaining,1,282
doodleordie,1,11655
OkCupid,172,3762648
GIMP,2,10162
GirlswithGlasses,2,29265
girlsyouknow,1,44
AsianParentStories,1,38030
GirlGamers,24,334245
beyondthebump,2,446938
bichonfrise,1,6521
GoneWildCD,5,104172
Parenting,66,1078592
dotnet,1,36927
downtimebananas,2,2216
DowntonAbbey,1,28387
dpdr,1,11006
drawing,3,142481
dragonage,4,664137
dragoncon,1,47826
Drexel,3,30643
dreamcast,2,26385
techsupport,169,1965030
dresdenfiles,5,123572
DrugNerds,4,56150
drumcorps,3,76572
drupal,1,41623
Dublin,1,36749
DSP,1,5331
DualGender,2,1850
Dualsport,6,66766
DumpsterDiving,2,40221
duckduckgo,2,4706
ducks,1,19707
dukan,1,47
duke,2,4728
dungeondefenders,25,49131
dustforce,2,13370
DVC,1,970
dyke,1,3153
dynastywarriors,2,12177
googleplus,2,31841
dykesgonewild,5,36492
dystopianwars,1,557
Eagle_Scouts,2,1185
excel,2,204062
earthbound,1,45752
eagles,15,644869
grammar,9,89905
graveyardshift,1,153
eastenders,1,830
EatingDisorders,1,11589
Ebay,2,113346
ebooks,1,8617
Ebook,1,103
Guildwars2,150,3804602
bookclub,2,12278
ECU,1,3003
EDC,18,469978
Edinburgh,9,55051
Portal,10,87842
EdinburghTrees,3,424
EdinburghUniMemes,2,11
editors,12,89945
edmontonsocialclub,6,3711
Gunners,47,1826201
egl,3,439
eldertrees,35,202525
Eesti,15,23759
electricdaisycarnival,11,141723
TransphobiaProject,5,15553
BorderCollie,1,20687
EmmaWatson,8,81235
electro,1,1529
ELI5Project,3,228
emacs,3,50058
EmmaStone,2,12139
EmoScreamo,4,21472
fastfood,3,21018
EndlessWar,6,39523
emulation,6,103189
ENFP,1,55491
EngineeringPorn,2,41634
DanceDanceRevolution,1,9864
xbox360,68,319758
EnoughInternet,1,7720
EnoughObamaSpam,6,4556
EnterShikari,1,14216
EntFlix,1,1862
enthouse,2,6227
Entlove,1,460
hackintosh,7,106862
EntExchange,4,53296
brighton,1,15322
happygirls,4,17452
halo,41,1858110
EntTreats,1,913
HampshireCollege,1,751
Hamilton,13,82431
hardwareswap,15,917781
Equality,9,62528
Erotica,2,2948
ESG,1,2821
Esperanto,4,15120
esports,1,41827
Etsy,1,66686
es,9,10948
euguild,2,3320
Equus,1,2638
eu3,1,10755
europe,23,2733893
evergreen,2,3314
everquest,2,46527
harrypotter,105,1041534
evolutionReddit,9,32728
evochron,1,161
exalted,1,10323
excatholic,2,10923
exchristian,4,93029
evolution,1,39518
Exercise,2,1631
exjew,6,9695
exjw,21,516516
ToTheRescue,1,722
exoticspotting,2,18763
experimentalmusic,1,12891
ExplainLikeImCalvin,2,30710
Hawaii,9,155595
hentai,6,103282
modhelp,13,49280
martialarts,29,274545
TrueReddit,190,1276711
twincitiessocial,41,116286
F1U1,1,344
f7u12faces,2,830
facebook,2,25253
eyes,2,41680
facepalm,31,1043097
EXPLAINLIKEIMWHITE,3,912
faimprovement,1,9916
Fallout,40,1959521
falloutequestria,3,29990
fakeme,4,142
falcons,3,179531
fantasybaseball,8,571687
FancyFollicles,15,306804
fantasybball,20,269638
fantasyhockey,3,181670
fantasywriters,3,109108
FashionPlus,1,4384
farming,4,49459
FAU,1,3341
astoria,1,27115
fayetteville,1,14580
Fedora,2,14158
CallOfDuty,1,110173
feet,3,262229
femalefashionadvice,34,925799
Femdom,4,17353
horror,23,458539
houstonents,1,17946
Fencing,7,45859
Ferrari,1,5051
houston,54,727304
femmit,4,9058
howardstern,4,263927
festivals,3,55416
HunterBlade,1,20
altscifi,1,192
Hunting,9,221696
AskScienceDiscussion,1,74100
creepypasta,2,29898
baconit,1,13468
mylittlepony,540,3216752
nashville,13,174718
AskUK,5,196187
networking,37,400350
Cello,1,15394
NoFap,73,2183093
BiblicalProphecy,5,183
CFL,1,89219
motorsports,7,23382
rit,46,165124
ronpaul,185,308245
ChicagoMotorcycles,1,5317
AssassinOrder,2,58709
OperationGrabAss,15,39552
personalfinance,99,2892032
Bowling,3,71254
ffxi,6,67746
FIFA12,13,47742
Fibonacci,1,2080
fia,2,3763
fifthworldproblems,12,120056
Iceland,10,62625
FifthWorldPics,3,21647
filemaker,5,2596
filesharing,1,1503
fillthegaps,1,65
FilmIndustryLA,1,10600
filmmaking,2,7281
FinalFantasy,10,408188
FinancialPlanning,1,14927
findareddit,1,93960
findfashion,2,21471
financialindependence,1,246372
Finland,11,73385
circlebroke,10,527883
Firefighting,6,98178
flying,8,418276
firefox,3,128868
firstimpression,41,190235
plur,1,508
firework,1,144
Borderlands2,5,364672
blackops2,12,581433
fitmeals,13,93677
fishtank,2,7023
Fisting,3,3829
newjersey,18,284538
FootFetish,1,4572
Sexy,3,18460
IDAP,8,66409
ICanDrawThat,4,131558
fitnessplus,8,513
etsmtl,1,3505
ihaveissues,9,29216
Illustration,1,31296
iloveboxxy,1,214
ImaginaryMonsters,1,55958
Civcraft,7,1123374
skeptic,86,654958
Intactivists,1,13877
iNeedaTutor,1,203
ipad,21,233162
iPhoneDev,1,1957
BayAreaSeddit,1,4531
IPY,2,1712
ColumbiYEAH,1,4561
Fixxit,5,41314
flashlight,1,70217
flightsim,4,89378
JapaneseFood,1,17634
FL_Studio,3,64996
florida,1,65885
LeagueofLegendsMeta,35,326482
flyfishing,8,101230
FoodPorn,22,543493
folkmetal,4,11584
flytying,4,15600
fonts,1,7529
folk,1,11562
Foodforthought,11,258650
oakland,1,65990
oblivion,4,75234
Jokes,40,1271669
JRPG,10,224753
kansascity,29,266814
kde,12,21045
footballtactics,1,3196
Fordham,1,913
forestry,1,4666
kindle,9,98458
Knoxville,2,51444
kol,9,31047
fatosphere,6,1026
kpop,8,586379
knives,35,389603
forhire,19,161383
foreveraloneteens,1,1629
korea,17,294551
LadyGaga,5,19064
law,24,329089
Forts,1,7166
forza,19,161176
FragReddit,2,7950
fossworldproblems,2,23548
fountainpens,5,365983
Frat,8,109357
fredericksburg,5,4316
fredericton,1,12035
freebies,52,292837
freediving,2,5316
French,2,106888
freesia,7,5595
Frisson,4,124245
fringe,18,69115
friendship,1,1106
britishproblems,7,1155063
frugalmalefashion,15,643629
brain1up,2,217
brasil,1,355303
fullmatch,1,175
fsu,1,52974
FTH,5,34864
lego,19,539649
cork,2,8948
2124,15,6044
Blacklight,1,28502
Cubs,2,107061
LearnJapanese,9,246612
lebowski,1,16478
CysticFibrosis,1,15556
lehighvalley,1,5457
LGBTrees,4,22300
lexington,1,48794
d3hardcore,3,36077
privvit,1,1539
awwnime,1,306181
DanishEnts,2,12260
dayz,28,2535292
PSO,3,3314
punk,8,237567
boymeetsworld,1,1433
linuxquestions,8,148060
Braveryjerk,34,286114
LSU,2,12414
RealJournalism,1,1811
dcpu16,1,5689
RedditBrigade,4,41748
Deathmetal,1,13371
literature,9,136441
liveindetroit,1,663
LiverpoolFC,26,1416195
longboarding,60,1165532
LongDistance,26,288675
7daystodie,4,66892
lost,7,217667
Lovecraft,10,50666
Louisville,12,147286
lotro,3,53138
madisonwi,12,138744
bipolar,3,244264
derp,1,326
devils,3,265396
BigBrother,1,1162269
Bakersfield,1,24325
bannedfromclubpenguin,33,14765
MapPorn,37,1030811
mcobj,1,1304
MCNSA,19,21349
matlab,1,30930
CandidFashionPolice,6,40218
MedievalHistory,3,3630
meltdowns,1,1
melbourne,34,733219
metacirclejerk,2,14445
Metalcore,7,357294
metalworking,5,25562
MetaTrueReddit,2,1241
mexico,57,584685
Miami,11,140889
Michigan,8,138415
MinecraftInventions,6,25312
Pieces,7,51340
pilots,5,5618
BdsmDIY,1,3739
vegan,33,794404
beauty,1,34881
BorderlandsGuns,5,46936
Bestiality,1,4591
counting,7,973997
countingUpdates,3,78
minnesotabeer,1,3878
minnesotavikings,1,536263
bikecommuting,2,113336
billiards,2,54224
ModelCars,3,5899
curvy,2,94926
montreal,28,460915
Rolla,2,10864
d3loot,2,26130
RPI,30,102749
rugby,1,697
msu,1,36318
MTB,40,485325
Muppets,3,5826
musicians,1,11347
blackpeoplegifs,3,68110
Anabolics,1,17
mw3,214,341905
mycology,7,106524
Mylittlenosleep,3,6974
mylittlefanfic,5,10298
LifeProTips,151,2071282
CaliforniaCannabis,1,106
atheismrebooted,198,38985
furry,17,667672
futbolmx,2,9291
futurebeatproducers,2,47353
futurefunkairlines,1,10503
futuregarage,1,32441
futurebeats,1,122351
futurepopmusic,1,4816
gaaaaaaayyyyyyyyyyyy,7,23470
Games,503,7497193
gainit,8,333473
gaidhlig,1,1211
n900,1,2458
GalaxyNexus,28,97148
NarFFL,6,20986
NASCAR,8,1183837
GameAudio,1,8938
NCSU,8,34652
nerdlass,4,1117
NetflixBestOf,18,396368
gamemusic,2,81049
GameOffers,2,2463
shutupandtakemymoney,28,250465
gamemaker,1,63239
NewcastleUponTyne,1,10897
NEU,2,27616
NewMexico,1,8777
skateboarding,21,391469
singapore,15,421357
Ska,18,71712
playitforward,16,185961
skiing,19,262084
skyrim,626,3044787
DesignPorn,2,34467
drunken_economist,32,1507
NewToTF2,13,58034
worstof,19,62639
dune,1,26588
freelancer,1,883
rails,4,44713
Attunement,1,25
southpark,2,252678
Automator,1,90
northamptonians,2,376
northernireland,1,160277
GameswapEurope,1,116
fuckingphilosophy,1,6374
GameswapUK,5,1860
gamingpc,25,234637
gamingsuggestions,3,194330
ClassyCast,3,473
nsfwoutfits,7,16371
nova,11,195398
NSFW_GIF,17,400013
NUFC,5,86603
nycdemo,1,54
counter_strike,1,6426
occupywallstreet,146,383666
offmychest,29,1299090
emu,1,2331
ender,2,7175
oliviawilde,4,8756
oklahoma,18,110443
opensource,8,52748
orioles,2,513878
P90X,18,71697
Paleo,47,360881
Paranormal,10,227283
pcgaming,12,1191418
penis,7,205870
perl,5,32143
Permaculture,33,52219
perth,28,205864
paintball,8,375666
Swimming,10,96787
philadelphia,82,540265
Philippines,21,570576
sysadmin,143,1835671
taiwan,1,73674
talesfromtechsupport,168,1269106
phish,6,255768
EvilMinecraft,1,1023
buildapcforme,2,377159
photocritique,25,298317
photoshop,6,107377
PHP,41,263934
piano,14,154205
picrequests,29,478133
ExposurePorn,1,46142
Terraria,45,655320
3ch,3,2771
PicsOfDeadKids,6,4726
tipofmytongue,92,1313176
fasting,1,24927
banjo,1,29842
CalamariRaceTeam,1,97998
proper,8,18544
CREST,2,147
cringe,23,2346729
Random_Acts_Of_Pizza,59,308097
Diablo3Strategy,3,67888
carAVclassifieds,1,409
Transhuman,11,24561
mylittleartsandcrafts,1,212
Bestof2080,1,58
gatech,12,146039
gaybears,6,97734
GaybrosGoneWild,4,185478
GayBearLegs,1,113
gaybros,89,1397328
sandiego,29,345187
GaymersGoneMild,16,66631
gaymersgonewild,12,114065
deadwood,1,2075
gayrelationshipadvice,2,88
gay,5,136353
Gear4Sale,1,13244
GearsOfWar,26,91516
GearTrade,1,4482
geekcrafts,1,168
GeekFeminists,1,583
GEB,1,3441
genetics,1,10457
GenderEgalitarian,1,4795
gentlemanboners,61,552757
Gentoo,3,6684
FIFAUT,1,416
germanshepherds,9,65729
Fibromyalgia,2,39713
geology,18,118724
atheismplus,1,22686
Scotland,29,452529
BikeOR,1,8
GhostAdventures,3,3044
collegeradio,1,917
BIRDTEAMS,1,6246
ginger,4,76932
girlsinyogapants,5,85146
Gin,1,6101
GlasgowEnts,1,154
glasgow,4,72959
glassheads,11,142405
glee,8,60963
Glitchers,2,106
Glitch_in_the_Matrix,12,169866
glitch,4,2531
GlobalOffensive,14,6426841
gmu,12,22924
golang,3,50246
GodlessWomen,1,14246
gonenatural,19,21719
gonewildstories,2,79989
Ubuntu,22,298135
UCSD,3,63709
unitedkingdom,248,2888081
ChivalryGame,1,135714
vancouver,29,892750
GuildWars,14,55401
chromeos,1,133210
chubby,2,31997
Forthewolfx,1,1175
GoneWildTube,10,23428
gonzo,3,2225
Gore,122,144647
freehugsbf3,5,35251
Graffiti,12,76920
FreeKarma,3,125087
GrandePrairie,2,1288
grandrapids,8,72474
GrandTheftAutoV,3,1898377
graphic_design,4,237409
gratefuldead,7,150499
greenville,1,20854
grime,1,19497
GreekLife,3,6900
GreenBayPackers,16,549932
greece,1,100790
greenday,7,64868
grooveshark,1,3305
grool,1,39318
grunge,6,17602
gtamarketplace,1,3018
CivcraftExchange,2,70417
FacebookCleavage,40,8779
Fuckcancer,1,1257
guineapigs,3,63177
dust514,1,44875
guitarlessons,10,69886
guitarpedals,7,240055
HardcoreSMP,14,47525
Gundam,8,147824
GunPorn,3,96872
Gunpla,3,246466
gunsmithing,1,2452
brandonsanderson,1,12943
webdev,47,594658
FapDeciders,1,12222
doodles,2,18840
tampa,19,178063
AnimeSuggestTesting,1,47
AnotherFNAF,14,759
sanantonio,20,188002
gwu,4,7633
Habs,3,136410
hackmonth,4,134
Hair,1,67570
HairyPussy,1,17329
hacking,4,121235
GVSU,3,5601
halifax,28,246537
happyhardcore,1,7117
Hannover,2,565
happentobegay,1,865
hardbodies,4,137174
hardstyle,2,74338
Harold,1,39
homestuck,42,628444
comicbookmovies,1,97786
Hawken,2,27597
hawks,5,310102
HBL,2,6528
haskell,27,184965
HeadBangToThis,2,5577
headphones,17,651024
Hearthlings,1,839
heat,4,222442
Heavymind,11,61740
helmetcameras,1,180
helpit,8,2736
Helicopters,11,29107
HIFW,2,29192
highschool,2,13768
herpetology,22,34151
highseddit,5,25691
hiking,4,78719
writing,64,903961
WriterFriends,1,208
hiphop,2,17792
piercing,5,189319
HistoryofIdeas,3,8587
Piracy,4,115766
HistoryPorn,21,654594
HITsWorthTurkingFor,6,602869
Dota2Trade,15,1222090
hitchhiking,1,14039
hockeygoalies,2,41028
Playdate,12,45570
poents,2,359
PointsPlus,2,17502
AgainstGamerGate,1,423498
burlington,1,42410
hoggit,9,108617
Hollin,1,3
Holmes,1,2887
homeschool,2,11711
Homesteaddit,5,307
homestead,11,79511
PoliticalDiscussion,108,1427195
HomeworkHelp,10,195759
hometheater,8,169075
Honda,10,200449
Hooping,2,15909
Horses,2,63251
HouseMD,13,14128
House,5,47198
HoustonClassifieds,3,3685
HoustonEvents,1,345
howto,7,119295
htpc,9,53626
hugeboobs,5,72271
hugeboobvideos,1,1425
HumanPorn,11,105025
Fairbanks,2,6797
slp,1,22407
Barcelona,2,35781
Hungergames,23,62783
snakes,4,175499
snowboarding,54,417488
HunterCollege,1,1269
HuntsvilleAlabama,5,80935
HVAC,1,70452
HvordanRedditVirker,14,239
hypnosis,6,6972
familyguy,1,30060
demisexuality,1,2902
Township,1,32
zombies,32,196026
treemusic,10,51794
CrazyIdeas,1,321429
creepyPMs,3,684422
battlefield_4,8,1478089
Fascism,1,108
EDH,2,623140
amiiboSwap,127,261509
cringepics,40,3863419
battlemines,1,200
ILiveIn,16,75604
BeautyGeeks,1,16
EnoughLibertarianSpam,1,246401
beforeandafteredit,1,10183
4_30Survivors,1,58
polyamory,38,299099
poppunkers,19,180440
iastate,1,16706
idolmaster,1,2817
identifythisfont,3,32052
StarWars,56,1229969
iiiiiiitttttttttttt,55,69228
postrock,12,73161
Images,17,87180
Ijustwatched,2,19598
illustrator,1,12779
PostCollapse,27,60066
ilstu,1,14568
incest,1,169769
Pottermore,2,16430
StLouis,9,303038
PrettyGirls,9,116214
Imperial,1,1809
practicar,1,345
indesign,1,5447
indianapolis,18,117540
IndianBabes,2,31420
Indiana,1,43983
IndianaUniversity,5,20954
printSF,5,152638
progmetal,8,188482
Indiefucks,1,26
indie,1,29565
ineedafavor,3,8803
infp,2,126491
InfrastructurePorn,2,37836
infertility,2,216983
InlandEmpire,1,27495
InspirationalBets,1,2
Insurance,5,70728
swtor,464,1285963
INTP,10,315111
InteriorDesign,8,116579
interracial_porn,1,1233
intj,1,321739
ProjectAwesome,10,19475
iosgaming,1,95087
Invisible,3,1457
Invites,1,24866
ios,2,47020
Iowa,1,41271
InvestmentClub,1,4167
ps3bc2,4,14857
ipv6,6,10254
Punkskahardcore,3,7022
Quebec,15,404985
radiocontrol,7,99494
radiohead,13,245129
ragenovels,17,45038
Issues,2,1309
isthislegal,2,448
ITdept,2,7786
italy,8,581266
abrahadabra,1,74
AbuseInterrupted,6,3849
ITunes,1,5463
IUPUI,1,1194
it,1,6307
IWantOut,16,225056
bigdickproblems,2,230668
RandomActsOfPizza,3,67779
Jamaica,1,4001
japanlife,18,124796
japanese,1,11642
rant,6,150033
JasonSegel,2,24
javahelp,5,63765
rct,2,71783
java,10,130032
Jeep,13,444809
jmu,2,14726
Jeopardy,2,22992
jerkingcenter,4,1423
redbullgreygoose,3,60
CrusaderKings,1,463346
JoeRogan,7,254118
joomla,2,6671
jpop,2,8854
jquery,2,14820
jrotc,1,5345
Judaism,26,370067
juggalo,1,14891
juggling,2,28306
Juicing,5,31678
JudgeMyArt,1,928
JurassicPark,3,93977
Juve,5,40577
jwproblems,3,883
Kamloops,2,1858
kansas,3,18300
karate,1,22851
LadyBoners,38,537171
katawashoujo,37,219020
karezza,2,1579
karmacidewatch,7,2997
kendo,1,5909
grimm,2,23178
KerbalSpaceProgram,10,1466905
ketorage,1,5570
ketorecipes,11,128262
guangzhou,1,1829
BitcoinStocks,1,9085
LawSchool,16,237243
lds,1441,3178
keyboards,4,30102
kindlefire,13,12252
kings,2,58030
KingdomHearts,12,192077
kingdomsofamalur,8,2710
KingkillerChronicle,2,85157
KingstonOntario,1,16716
KiwiTech,2,1248
knitting,19,352350
Koans,1,3536
kof,1,3108
Kombucha,1,11527
Korean,4,59511
kravmaga,5,12288
lacrossewi,4,3242
lacrosse,2,89008
KSU,2,10481
kungfu,1,14962
kvariety,1,1921
labrador,2,26422
lacoche,5,195
ladybonersgw,35,909350
kzoo,4,23376
l4d2,4,19995
Drama,3,109233
dataisbeautiful,2,880193
Adnotamentum,1,12
lampwork,1,19447
Lakehood,1,14
lakers,2,243879
langara,2,684
lancasteruni,4,1602
LandscapeArchitecture,1,4648
LANL_German,1,35922
LANL_Spanish,2,855
lanparty,3,15207
LawFirm,1,6707
LasVegas,1,24033
LaTeX,2,19264
laredo,1,1900
leafs,31,439833
leagueoflegends5v5s,1,267
feedthebeast,9,801200
wallpapers,16,270368
Warhammer,50,551944
deaf,3,26076
webdesign,16,36564
treecomics,19,117625
Futurology,8,1328939
AskPhilly,1,1857
dhs,1,25
dfwgaymers,1,1640
Clannad,1,19729
LeagueOfMemes,3,71898
classiccars,1,42851
leangains,14,189285
learnart,12,56482
ClimbingCircleJerk,1,14196
lebanon,1,31163
leaves,2,139451
legal,2,25588
legaladvice,17,1359208
Leica,1,3524
leicester,1,6337
LetsNotMeet,4,273910
Lethbridge,2,5344
letsplay,11,479762
LetsTalkMusic,56,130205
LGBTGoneWild,3,25801
lgbtaww,2,4470
lezsaysmoargaming,1,1457
lfg,7,73779
lgbtsex,2,6639
bostonceltics,1,188789
CODZombies,3,169421
Liberal,2,98739
homemadexxx,1,28943
braswap,2,44912
libraryofshadows,1,3068
lifehacks,2,349221
libertonia,2,23
DoctorWhoBooks,1,98
ColoradoAvalanche,1,121296
lilburn,1,35
lincoln,14,24744
BreakingBadCircleJerk,1,72
linguistics,52,292401
LinuxActionShow,6,132935
linuxaudio,3,1904
Dodgers,3,898402
liquiddnb,1,6393
troubledteens,3,15906
listofponies,13,9427
LittleRock,2,20415
LitWorkshop,3,2029
Liverpool,6,22263
livestock,2,2708
livingofftheland,3,1118
Loans,1,63412
LoLChampConcepts,4,21269
lockpicking,7,55796
Logic_Studio,1,19041
LoLReplays,1,405
LOLscrims,1,1003
LoLCodeTrade,3,79915
Lollapalooza,4,56386
LondonMemeClub,1,963
londononexchange,2,26
londonontario,4,66193
xkcd,7,94837
longbeach,1,35268
LongboardingContests,1,430
redditgw,5,10571
lookatmydog,2,42276
lookingforgroup,3,2944
lookoftheday,3,3297
RedditLaqueristas,54,639892
longisland,5,81611
redditrequest,9,100517
LoopLunch,3,699
losangeleskings,3,109447
RedditThroughHistory,7,45537
redstone,2,40388
loseit_classic,8,9597
LOSEBIANS,1,650
buccos,1,319979
GAMETHEORY,1,1690
lostgeneration,6,224582
Rochester,4,118015
lotr,5,194306
Louisiana,3,33848
LSD,3,282461
love,3,16267
LoyolaChicago,1,1907
Lubbock,2,32663
Luthier,2,51756
lynchburg,3,3761
Mabinogi,1,33297
macapps,4,7416
Luck,3,327
MachineLearning,4,73590
MachinePorn,7,104419
ludology,5,10374
AeoPowers,3,155
machinima,2,1559
MacroPorn,1,16662
Magicdeckbuilding,6,128198
magick,2,5520
magicskyfairy,1,158168
Madden,3,164116
madmen,7,268984
ConnectedCareers,1,55589
Magic,1,65681
funnyphilosophy,1,985
ReviewThis,8,8860
robotics,4,46859
roguelikes,4,109465
Romania,49,642578
RUG_Leeds,7,10832
rule34,5,233143
runescape,63,2100675
Maine,4,105845
Mahjong,1,3426
makerbot,2,3492
FryeMadden,1,43674
makeupexchange,6,451267
makinghiphop,6,450004
Malazan,4,36208
manga,36,562448
sanfrancisco,24,412152
Sarnia,2,2222
againstmarijuana,1,1122
malegrooming,1,62909
Malibu,1,172
malelifestyle,10,37026
mandolin,1,11041
manchester,9,66751
Maplestory,29,247156
Maps,1,8444
Mariners,4,394561
mariokart,1,32662
marketing,9,87623
massachusetts,1,20457
maryland,6,55570
Marvel,12,684983
masculism,4,12424
ScotchSwap,2,40662
scooters,20,69479
scuba,5,144982
Screenwriting,7,239196
seattlents,1,2051
DrawMyTattoo,1,12030
secretsanta,11,617378
April2015babies,7,225
seinfeld,5,97164
selfpublish,3,36210
SelfSufficiency,13,17411
CompetitiveHalo,1,19977
ImGoingToHellForThis,115,1232323
mathrock,6,37426
sewing,7,138430
SEO,13,121977
mcapoc,10,11474
mbti,2,78263
MCCC,1,22
McMaster,3,5212
mcgill,13,65663
MCFC,1,130554
mcfisaspleef,5,3503
BubblyboobleTown,13,909
mcservers,26,266707
mctourney,8,15790
MDMA,10,151910
mead,3,67088
medicalschool,7,212680
medical,1,69586
medicine,9,254911
Meditation,8,291165
meego,1,585
memphis,2,74115
55X,12,19
BeardedDragons,2,82019
SF4,41,235763
SFGiants,2,947526
987654321,3,33
shamelessplug,5,16113
men,1,2076
merlinbbc,2,5614
metacanada,33,186389
menstruation,2,820
ShitRedditSays,186,1071852
metalgearsolid,5,1029998
dykesgonemild,1,41322
metalmusicians,4,22555
vinyl,56,938861
metametacanada,2,281
metametacirclejerk,1,6101
metarage,3,7891
singularity,8,47900
Metroid,3,83626
MexicoIAMA,3,1032
mfacirclejerk,4,14285
mflb,22,252544
mgmt,1,3741
miamidolphins,4,286420
SketchDaily,27,186339
Miata,5,178655
MICrew,2,18
Slovakia,1,5169
microsoft,15,96939
milf,3,194838
MilaKunis,1,3395
milano,1,867
migraine,3,45813
Militaryfaq,3,11619
mildlyinteresting,48,3188943
SLCC,1,248
AmericanWizardryRP,38,15422
MilitaryPorn,39,393682
asatru,1,70163
MinecraftWars,175,10900
snackexchange,27,139108
milwaukee,6,111234
MineCorp,3,40
minecraftau,2,2975
MinecraftCirclejerk,2,23860
misc,7,71431
minecraftmaps,1,2290
MLPdrawingschool,22,97393
MLPLounge,233,4025474
ELATeachers,1,7940
ElderScrolls,2,40937
proghouse,3,9702
socialism,22,556770
SomebodyMakeThis,1,20361
spacedicks,29,77633
spaceporn,5,128602
killingfloor,3,106951
Spider_Man,2,4145
spiders,5,151470
KONY2012,13,427
minecraftxbox,1,10975
minerapocalypse,7,263293
SquaredCircle,129,9272817
MINI,10,80809
Minneapolis,4,87409
minnesotapolitics,1,628
minnesota,7,116059
minimalism,10,288280
Minibio,1,1740
minimeals,1,269
stairescraft,1,543
misfitstv,6,11536
StandUpComedy,7,128611
StarcraftCirclejerk,1,70373
mizzou,1,13463
missouri,1,9806
MitchellAndWebb,1,10713
mixes,2,11834
csharp,1,69416
baseballcirclejerk,1,37916
Entinburgh,1,37
D3GC,1,4918
ESOGuilds,1,17661
AdventureCapitalist,8,4888
DarkSoulsHelp,1,37150
MLPtunes,2,14488
MLPvectors,3,10032
mlpmature,2,9823
MMFB,19,85220
MMORPG,11,315733
mmo,3,9982
MNBarcraft,3,1358
mnc,1,1257
mobiletribunal,2,387
modclub,5,18463
modelmakers,3,72106
Modern_Family,5,23760
modtools,1,379
Montana,9,22902
moneymakeover,1,193
Money,6,6217
montclair,1,1873
MontereyBay,1,10493
moombahton,5,7084
Mooresville,1,22
Moscow,1,5978
MotionDesign,1,13108
motivation,3,14196
Morrowind,7,136751
DayM,1,6411
explainlikeIAmA,8,120108
GayDaddiesPics,1,16108
moviecritic,3,18756
MoviePosterPorn,1,40921
mountandblade,12,151938
moviescirclejerk,14,88150
changemyview,14,2167770
fairytail,1,179157
startups,14,357818
Steam,18,1232437
Pokeents,2,17059
bbexchange,18,2216
MovieSuggestions,19,114597
MST3K,1,51521
stopsmoking,12,326189
stunfisk,3,162534
stupidshitredditsays,1,130
subaru,19,730485
mtlrave,1,273
mtred,2,5552
MTSU,1,3840
mturk,3,65922
MTU,3,5130
MuayThai,6,56557
Muse,4,155802
museum,2,40475
SuggestALaptop,5,292355
MusicBattlestations,1,16432
musicfestivals,1,5960
SummerGlau,2,7789
survivorzero,4,6731
Supplements,15,87310
redditguild,6,62131
sweden,83,1578112
learnspanish,1,14768
leChatonRoux,1,3222
FanTheories,2,335845
fatpeoplestories,8,823784
tattoos,76,810924
FDNY,1,462
teaching,5,60390
TechNewsToday,1,44333
DesignMyRoom,2,21956
badatheism,1,2644
ChicksWithGuns,1,1515
MvC3,17,259276
MW2,2,70189
MW3Elite,1,1612
MW3rddt,9,4023
dgu,1,11172
rugbyunion,12,724980
mylittlealcoholic,2,12692
mylittleandysonic1,63,321389
mylittledamon,1,520
mylittledaww,2,3824
mylittlefortress,2,32598
mylittlebannertest,1,314
mylittlecalculator,1,78
mylittlecirclejerk,1,3964
mylittlehuman,3,10376
FiftyFifty,10,356378
DMB,2,14665
tf2trade,135,939654
4b61,2,75
mylittlestarcraft,1,927
mylittleprogramming,1,1096
mylittleshark7996,1,328
mypartneristrans,1,17433
NAE2,3,3591
Narcolepsy,1,11854
Thailand,6,129926
Firearms,5,344166
Naruto,37,1176554
TheDarkTower,7,40784
TheHub,2,7375
TheLastAirbender,23,1425828
Nationals,4,379935
navy,7,142212
TheoryOfReddit,16,187045
TheSimpsons,20,426849
tipofmypenis,2,212193
firefall,1,60778
TodayIAte,1,1467
tipofmytounge,1,409
dogshaming,1,1664
dolan,1,57030
Nebraska,2,9167
Needafriend,2,92305
neopets,3,718758
neptunespride,1,653
nes,6,30905
Nerf,1,183813
nerdfighters,4,59214
netflix,9,177065
nethack,1,16767
neurophilosophy,1,6452
Neuropsychology,1,7714
ClashOfClans,3,958325
abcqwerty123,1,29866
NewOrleans,13,261420
NewParents,2,8230
newreddits,1,45657
AcademicBiblical,11,28309
KillWhitey,4,655
NewYorkMets,1,528691
newyork,5,10354
NexusOne,1,5039
nextdoorasians,2,33981
NFL_Draft,8,126159
NFLMockDraft2012,10,853
coheedandcambria,1,32172
TopGear,30,352328
BrianDawkins,4,48
DilatedPupils,1,900
touhou,3,194794
toycameras,1,4835
trackers,16,229570
NigelThornberry,3,6272
nintendo,10,707815
Nissan,1,43870
Nobodylikesonions,1,3092
NJTech,2,11737
blabseal,4,3101
treesgonewild,16,119340
noiserock,2,5232
nookcolor,2,7863
nook,4,9242
NoLongerAlone,1,930
Nootropics,9,301365
Nokia,4,6583
NolibsWatch,10,22361
Nordiccountries,9,23604
norge,2,99439
norfolk,1,32528
northdakota,4,12738
Norway,2,87791
Northwestern,7,7639
NosleepAudio,2,1806
frederickmd,1,10413
nostalgia,8,319134
nsfw_gifs,1,188949
hackers,14,4518
sportsbook,8,238928
NSFW_nospam,1,12440
nsfw_wtf,10,40546
ntnu,1,1047
nugs,7,17440
nursing,7,275503
nutrition,13,158563
NYCapartments,5,18625
NYCCC,1,157
NYCjobs,1,7064
nuzlocke,6,61262
nvcc,1,629
nycmeetups,1,13671
NYGiants,29,232796
NYKnicks,12,135452
NZTrees,1,6899
nyu,15,22225
Occupy,1,4352
Objectivism,4,44660
ocaml,1,4724
occult,9,215601
hcfactions,25,551995
ftlgame,4,191621
O_Faces,2,11724
AntiPOZi,418,43613
Debate_Anarchy,2,239
Heroclix,1,82784
OFWGKTA,8,152344
HighHeels,1,16603
ogden,4,2397
Ohio,4,45017
OKState,2,10447
omegle,1,19792
ravens,7,298842
olympia,4,24203
Omaha,16,142359
opiates,43,1087910
OnePiece,48,1040390
OpenChristian,2,12103
opengl,2,13849
opera,2,20035
orangecounty,6,161487
oracle,1,4573
OregonStateUniv,2,7225
oregontrailproblems,2,278
OSU,10,89303
OttawaSenators,2,89256
osx,1,65173
ows,1,1526
pace,1,198
pagan,8,40016
Overgrowth,9,5381
overclocking,1,96392
pakistan,3,112866
Palestine,1,54390
palmtrees,1,1698
Panama,2,8228
conspiro,8,583653
PandR,12,130679
PanicHistory,2,47696
pantheism,2,11674
paradoxplaza,9,479042
Pareidolia,1,76418
paris,5,59997
Passwords,1,478
Parkour,3,52898
Patriots,29,926888
patientgamers,8,288225
penguins,2,184271
PCOS,2,39059
PennStateUniversity,2,57295
penpals,5,103384
Pets,12,276862
Pensacola,2,37345
triangle,8,68269
LearnANewLanguage,3,1420
TrollXChromosomes,50,2137654
Petloss,1,22512
PerthAutomotive,5,109
pharmacy,5,98702
phillies,1,99612
truegaming,70,1145642
Corvette,1,18919
PhilosophyofScience,11,50070
TrueJerk,1,154
legs,1,11034
elderscrollsonline,11,1047090
Milk,1,116
mindcrack,13,1223376
Hotwife,1,93118
phoenix,5,159196
howtonotgiveafuck,2,160489
ausbike,1,3331
PHPhelp,1,26883
archerytest,3,9
drinkingdollars,1,45
dancing,2,1977
UCDavis,5,45192
UCONN,4,50195
UGA,9,40108
UFOs,7,226787
UIUC,28,270511
uktrees,22,84413
ukulele,5,58413
ultimate,11,149110
umass,5,22234
Ethics,1,3756
Dumbsford,1,62
UofT,3,114556
unt,1,29319
uorfip,2,77
UrbanMyths,1,3396
UTAustin,22,59911
uwo,2,21024
vertical,8,23324
Diablo3witchdoctors,1,82152
ChicagoStandUp,1,264
Ayurveda,1,216
getdisciplined,2,175055
BitcoinMarkets,4,364310
AskArabs,1,15
GuessThatSpot,1,1008
Amd,24,72727
Vitamix,2,3350
VirginiaTech,18,93265
VolleyballGirls,3,20387
voluptuous,10,26953
vmware,7,83780
wallpaper,15,109515
warehouse13,1,7699
churning,1,219386
malta,1,5142
washingtondc,17,500491
Watches,32,732986
waterloo,6,30448
wearethelightmakers,1,391
Baroque,1,701
WeAreTheFilmMakers,21,27737
calculus,1,6686
Erotic_Galleries,2,110
webcomics,4,88583
gumball,1,2074
GoneWildNerdy,2,644
gunpolitics,4,114528
webos,3,4097
westtoo,10,11374
wheatpaste,2,2772
wicked_edge,80,736364
WikiLeaks,2,41807
windowshots,2,24096
WingChun,2,16643
windows,30,272393
Wordpress,13,151119
IWasA,1,27
jacksonville,2,63283
dailyprogrammer,1,45948
BobsBurgers,2,40848
dating,2,61436
androidroot,1,450
GrammarNazi,1,4051
Kiteboarding,1,12824
pic,1,24629
PictureChallenge,2,15712
Pictures,2,20069
picturesofiansleeping,4,8890
firstworldanarchists,2,332315
PinguyOS,2,3
pinkfloyd,2,129767
pinball,3,34365
Pipes,1,3952
PipeTobacco,21,266347
CODGhosts,1,288234
pitbulls,8,151471
pittents,2,156
pittsburgh,9,305405
Pitt,4,59643
pkmntcg,11,102239
PixelArt,2,72506
Planetside,50,2635759
Grid,3,105
plasmacosmology,4,746
platooncentral,2,1321
Poetry,12,161144
pldesign,1,80
podcasts,2,109186
poi,3,16489
pointandclick,1,4107
pokemonrp,1,27853
deadpool,2,55226
borussiadortmund,1,144138
PokePorn,1,18715
police,2,7903
policydebate,1,9684
PoliticalHumor,1,121244
WWE,7,155996
yale,1,2402
YouShouldKnow,44,472876
ConfusedBoners,1,49888
zelda,55,603396
Bravenewbies,5,375091
DestinyTheGame,7,7590957
gonewildcurvy,8,1300727
Arkansas,8,38414
fightporn,1,8811
bikebuilders,1,8344
Frugal_Jerk,1,47268
discexchange,1,54182
gamegrumps,11,1241139
gamejams,1,495
FryeMadden2,1,7149
Hammocks,1,46934
CredibleDefense,1,39875
Blackhawks,1,302
popping,11,268774
porn,6,29648
opendirectories,1,20747
pornvids,10,94051
pornID,2,51460
PornOverlords,1,18655
portlandstate,2,8696
portugal,6,333551
PostHardcore,12,165429
PowerMetal,3,63343
pregnant,3,24314
pottytraining,1,595
prestashop,2,562
powerrangers,3,63599
PowerShell,2,47540
professionalcycling,1,1761
privacy,4,155307
PrivWhiteCismales,2,61
prochoice,1,10065
BustyPetite,1,120900
ProgrammingLanguages,1,2907
Cairns,2,2976
progressive,12,170630
progresspics,9,441645
progrockmusic,5,57599
Project52audio,1,81
ProjectEnrichment,7,7415
ProjectReddit,1,7741
Proofreading,1,17808
providence,1,32650
ps2,1,10853
PropagandaPosters,8,99560
ps3bf3,73,98412
PS3NAE,2,825
psytrance,2,15921
PublicRelations,2,4224
pugs,2,59863
pug,1,8794
Punk_Rock,4,6925
canadaguns,2,183530
Punny,2,40540
pussy,1,32258
Purdue,5,72476
puns,1,20482
puzzles,1,23687
Pyrex_Love,1,1186
q4q,1,1486
QuakeLive,2,25015
QualityPhotos,1,1841
QuotesPorn,6,220460
QueensCollege,1,557
Queens,1,8784
quotes,5,86782
r4rplus,1,3118
r4r,95,703813
Rabbits,11,269292
radforduniversity,2,1150
ragecomics,6,54306
ragelationships,1,302
rainbowbar,1,3367
Rainmeter,12,125194
RaidingRainbow,2,2353
rally,1,29962
Rammstein,1,11396
raisingkids,1,17232
raleigh,1,87939
randomactsofkindness,1,9736
RandomActsOfGaming,1,1102922
randomacts,1,4406
randomsexiness,3,59593
RandomKindness,28,204780
rangers,1,394103
rapecounseling,2,24002
rape,1,9092
ranprieur,5,2800
raspberry_pi,4,232676
RASalvatore,3,579
Rateme,22,1054319
RATS,20,150455
raw,2,5124
rcw,2,2641
RDT2,8,10283
reactiongifs,56,1491401
HotSBetaKeys,28,9228
realasians,9,91743
rdtclan,1,4249
RDT3,19,12925
realdubstep,10,69001
RealGirls,8,513463
RealEstate,11,291386
recipes,13,192382
realmadrid,4,187253
RedditDayOf,3,58264
Reddionic,1,1090
reddevils,6,1570888
RedditCribs,2,2067
RedditCityProject,4,567
redditdynasty,1,8292
Redditimprov,1,2919
reddit_news,5,12725
redditores,1,1350
redditstudio,7,346
RedHotChiliPeppers,3,69171
redditrepublic,4,2846
RedditSource,2,25
RedDwarf,4,9750
Redskins,8,221592
Reels,1,406
Reformed,5,106792
redsox,4,497201
regularshow,2,43671
reggae,1,17955
hydro,3,21635
relationshipadvice,6,13639
doublespeakgutter,6,12192
relationship_tips,4,22517
religion,9,166468
reloading,9,94892
RenewableEnergy,1,25523
Reprap,2,32233
RESAnnouncements,2,3676
resumes,3,78387
residentevil,7,51207
RepublicOfPics,1,688
Republican,12,174040
Rhetoric,2,1496
RhodeIsland,3,24095
RHUL,1,446
ReverseEngineering,5,24547
RioGrandeValley,16,18136
ripcity,5,77705
retrogameswap,4,118020
ritcirclejerk,2,276
ritforsale,1,1278
Riddle,2,874
ridgefield,5,37
rlms,1,537
roasting,1,20583
roblox,1,106753
Rockband,6,72691
rocksmith,2,109559
rollerderby,5,41918
rollercoasters,3,53545
Roku,3,39466
RonPaulCensored,6,725
BBtheORGviewers,7,2165
RoomPorn,7,161595
Roseluck,1,746
Roseville,1,4182
roswell,2,2315
Rowing,4,120840
RowanUniversity,5,6768
rpac,3,7284
rpg_gamers,118,101151
bostonmua,1,12
RS2006,1,69
rstats,1,10400
ruleastwokings,1,2774
CasualPokemonTrades,20,780420
rutgers,14,96634
ru,1,3375
rush,1,65074
rwb,3,2519
russia,1,346666
sabres,4,77019
MECoOp,6,226354
Sacramento,14,167783
sad,2,22633
salesforce,1,8775
sailing,5,147648
SaltLakeCity,13,188130
SantaBarbara,3,13634
SantaClarita,11,1963
santacruzents,1,6
santacruzlocals,2,2692
santacruz,3,18017
saplings,12,217943
santarosa,5,17887
sarasota,2,10902
SBU,6,29252
sc2partners,1,10093
saskatoon,5,92683
satanism,2,21745
sanmarcos,1,10555
Scholar,2,64279
Saxophonics,1,31363
scarfwild,1,143
savannah,1,24711
science2,1,1879
SciFiAndFantasy,3,770
scifi_bookclub,1,871
ScienceTeachers,1,8073
scientology,3,29677
Scotch,45,330960
screenshots,3,41345
Scriptcraftguild,5,583
Scrubs,1,57141
SCW,3,6184
SEcontest2012,1,112
briebby,2,1000
seedstock,1,1532
bug,1,52
seriea,2,5296
sexpertslounge,1,3849
cfs,1,20207
cirkeltrek,16,24536
Chameleons,3,20633
sexysuperheroines,1,153
sharedota2,3,127951
SFr4r,2,5365
SFSU,4,13065
SFBayJobs,1,4409
SF_Book_Club,1,5080
sfbsurf,1,201
shameless,1,32833
shazbot,3,3272
sharepoint,3,30284
Shatter,3,6958
Shave_Bazaar,2,51708
Sherlock,18,143974
shiba,6,34761
shia,1,7609
ShinyPokemon,14,522605
hot,1,491
destinyknot,3,58996
GaryJohnson,1,20085
gaybrosgonemild,2,93654
shittingadvice,8,13735
sensiblewashington,1,246
shittyaskscience,18,515231
shittyama,2,172212
shorthairedhotties,7,102045
shortstories,5,10823
shredditproject,1,289
shreveport,6,16195
shroomers,8,50747
Sikh,1,28817
Silverbugs,9,405914
SimCity,11,331903
simonfraser,1,13382
simpleios,1,5128
simpleliving,1,57333
sixers,1,93818
singing,2,74693
alantutorial,1,516
Sithit,5,11435
SithMedsphere,1,37
SIUE,1,1908
SJSU,12,26275
Sketchup,2,7273
SkincareAddiction,5,863275
skrillex,6,150092
skype,1,3065
skinsTV,1,5460
SkyDiving,4,69310
skyrimmods,6,393608
onenation,1,381
SkyrimHelp,2,9048
CriticalGender,20,1697
1p_LSD_Sources,2,50
Shemales,1,7770
AltBriggs,11,697
Slackline,7,16317
skywalker,1,108
slashdiablo,17,251927
smashbros,6,3415712
smallbusiness,6,132394
smokerslounge,3,4491
snape,1,156
SNCA,6,1736
snes,1,43637
SNSD,5,173180
Snus,3,24746
gonewildaudio,4,474539
socialanxiety,4,94532
SocialEngineering,16,52732
socialwork,1,32114
sociology,1,26299
softscience,7,6550
software,18,123015
SodaSwap,1,1796
socialmedia,1,45876
somethingimade,18,199387
Songwriters,1,32686
SonicTheHedgehog,1,27864
JusticePorn,50,1608033
Sonsofanarchy,2,184198
sooners,2,17032
SOPA,21,57439
SoundersFC,9,46115
SoulCaliburV,21,2957
southafrica,4,92583
Southampton,2,9805
consoles,1,8774
Spandexless,1,22
Spanking,1,7604
SpecArt,3,20927
spain,2,35722
spicy,5,71812
spiral_knights,5,19784
spirituality,1,11093
spongebob,2,40215
SQLServer,1,16913
SRSBusiness,24,39300
SRSCinema,7,2630
SRSDiscussion,177,222916
SRSGaming,9,105341
SRSMeta,15,33857
SRSMusic,3,3621
SSRSS,1,96
Standup,9,119837
standrews,3,1220
starcraft2_class,4,23644
StanleyKubrick,5,13220
StarcraftFeedback,1,5321
starcraft_strategy,3,27799
kratom,1,108716
LV426,2,69064
BBORG2_Austin,2,32
BBORG2_Viewers,117,687
gopro,4,198638
Stargate,20,149329
gravityfalls,2,256220
Greeley,1,916
honorabledegenerates,1,41
starwarslounge,1,79
jaepae,1,236
feedthebeastservers,1,30412
statenisland,1,7624
stationeryporn,3,99
StAugustine,1,2461
STD,3,33420
steamdeals,2,40049
statistics,5,86088
SteamGameSwap,159,1917674
fweddit,2,23613
steampunk,3,50515
steamswap,1,5105
STEAMINDIESWAP,1,668
gallifrey,3,510477
steamtrades,1,3088
SteamTrade,7,53277
steelers,12,244613
StencilTemplates,2,11121
stencils,5,48220
stepparents,1,24747
stevens,1,3526
StockMarket,2,43952
StonerEngineering,22,153692
stonerrock,1,36680
stocks,4,141248
stocktonca,1,1759
stopdrinking,21,706639
StopSelfHarm,3,25623
sto,18,319707
StPetersburgFL,2,28199
straightedge,7,19416
streetfighters,2,1058
StreetFighter,1,136282
stupidtrades,1,207
SubredditDrama,137,3542536
subreddit_stats,2,1241
mysterybox,1,12480
subredditoftheday,11,49691
summonerschool,46,1688166
supermnc,2,266
supermoto,1,31909
Supernatural,8,242717
gundeals,2,106639
Suomi,2,220853
superfight,1,257
NAW,1,11398
Survivalist,3,6081
Survival,3,105472
60sModelUSSR,1,
swinburne,1,1001
SwingDancing,2,20881
Swirclejerk,1,2797
homeland,1,64346
GunsAreCool,3,134991
DWMA,2,312042
GamePhysics,2,118353
ColoradoSprings,1,40714
popmusic,1,537
Porsche,1,60886
synthesizers,12,204509
sydney,26,583053
SXSW,3,8171
Tabs,1,3606
Tacoma,1,31778
talkingheads,2,362
tall,35,553979
taoism,4,33937
tarheels,1,4977
tasker,1,69206
tattoo,3,70438
TCNJ,1,3421
tDCS,13,20429
taxes,16,4656
tax,5,52795
Teachers,5,223655
TeamRedditTeams,1,166028
teachmekorean2,1,35
TeaseMePleaseMe,5,4491
teamspearhead,1,159
Team_Awesome,5,40749
techhelp,2,1953
TeamEmanations,6,739
tea,33,253872
Purpledrank,1,1
swanseauni,1,328
bitcoinbillionaire,1,7
Hanson,1,784
Techno,2,46187
teen4teen,1,10267
teenagers,130,6921482
television,59,2128332
TEFL,5,73878
tennis,6,371427
Templejerk,1,237
Temple,9,26501
Tennessee,5,12565
cutting,4,192
TeraOnline,42,261921
TerrariaCTG,1,1129
testpac,14,4371
teslore,40,246995
Texans,1,318087
TF2fashionadvice,1,116304
TexasTech,1,15533
texas,8,243452
TF2LFT,2,8454
Atleticap,2,197
FoodVideos,1,1658
TF2Unusuals,5,1845
Tgirls,1,85122
TheAgora,5,9821
The_Asylum,6,1295
TheDailyMuslimRage,3,3925
TheBobbyLean,2,225
TheBrewery,1,19672
TheFacebookDelusion,8,105743
RepublicOfGaming,1,345
thefuckinganswer,3,590
thegreatproject,1,1120
TheLateShow,17,1259
TheMentalist,2,19310
Themepark,1,14532
TheNerdist,1,99
theredditor,11,4029
therepublicofreddit,3,500
ThePromisedLand,1,760
thesims,6,295127
Thetruthishere,6,54782
thewalkingdead,16,1699977
IOPsychology,1,6620
thewestwing,1,22771
theworstsubreddit,1,301
thick,10,105297
TheWire,5,104073
ThisIsOurMusic,7,39921
thingsthatrlegendary,1,58
Thunder,3,51539
TimAndEric,14,78681
NuDisco,1,6772
tinnitus,1,11972
tinydick,2,19118
TinyHouses,4,77296
franchisedraft,13,372
timberwolves,4,71728
freedomearth,2,17679
TMBR,1,4789
BlackSteelAlliance,1,2
louie,2,14499
offset,1,9704
indian,2,250
bad_religion,1,16072
saskatchewan,1,12385
chiliadtruth,2,1630
HomeImprovement,3,275280
homebuilt,1,2036
operabrowser,3,23772
chiliadmystery,1,189817
HorseMask,2,10659
panthers,3,265534
togetheralone,3,5343
Tokyo,3,47811
tolkienfans,5,104651
tonightsdinner,3,46975
toosoon,1,77434
ToolBand,22,85292
Torontoevents,3,21892
Torchwood,1,7098
HPMOR,7,149652
torrents,20,117854
TOR,2,35781
totalwar,19,581891
Towns,1,2182
touchpad,7,10131
Toughmudder,1,12891
israelexposed,1,7802
trailerparkboys,3,112476
TMNT,1,44259
selfpic,1,16
trance,21,198840
transformers,1,116527
transgamers,2,18317
transcribe,3,2285
transhumanism,2,16060
transpassing,12,129575
translator,6,77256
Transmogrification,7,56889
TransSpace,11,27760
TreeConnoisseurs,4,6036
treedibles,1,26234
treesdating,1,4981
TreesFortress2,11,14884
linux_gaming,2,232909
cruisers,2,9005
Borrachos,2,744
BBORG2_Jury,1,298
CTFxC,1,24732
tool,6,254
Cynicalbrit,2,364722
KingOfTheHill,1,67974
CharizardLounge,1,7
triathlon,15,91553
Tribes,84,388214
TrickingTutorialsTips,1,85
triphop,1,11705
TrollingAnimals,1,3766
Minecraft360,2,68428
Tricking,1,4760
Trombone,3,20079
tron,1,5303
truecreepy,1,9365
TrueBlood,1,78312
TrueAskReddit,5,172474
DarkSouls2,5,1897944
Christchurch,3,110
TrueFilm,4,175617
CCJ2,59,18870
BastardMafiaModArea,1,753
gifrequests,1,11038
truetf2,22,253966
trumpet,2,38669
TryingForABaby,5,236221
tryptonaut,2,8558
Tucson,3,88692
TwinCitiesHiphop,1,8
tumblr,2,203262
tvcritic,1,1456
twincitiesents,9,1423
TWiTGameOn,4,2132
TwinCities,3,97346
Twokinds,1,13750
Ingress,3,245767
Match_of_the_Day,1,239
fcs,1,28262
tycoon,2,8049
typewriters,1,12363
typography,11,63573
TZM,3,8613
UAH,1,659
uAlberta,2,14628
UBC,7,56049
UBreddit,6,26874
neversleep,7,404
NewArgoth,1,1401
UCalgary,1,11175
ucla,12,60958
ucf,12,84986
uchicago,1,6367
UCSantaBarbara,17,75401
UCSC,7,39376
udel,3,5640
udub,1,31893
uicwhatshot,1,5196
MineZ,2,345607
UKFunky,1,284
UKJobs,1,5437
UKmusos,1,427
UMW,1,1722
UNCCharlotte,4,5661
Ultralight,3,53809
UMF,5,27666
UMD,16,70444
uml,1,870
Umphreys,1,14050
UNI,2,623
gnugeneration,1,204
ithaca,2,6503
UniversityofReddit,6,88924
UniversityofKansas,3,6629
UniversityOfHouston,8,31734
uofi,1,1533
unixporn,3,119932
unix,1,4488
uoguelph,1,3133
UPenn,1,5420
Upskirt,1,14603
upstate_new_york,1,7452
uofm,4,39392
urbanexploration,4,63091
UserCars,2,29417
urbanplanning,1,54950
uscg,2,11479
USCivilWar,4,4164
UQreddit,13,5894
USD,1,643
usenet,3,101352
USF,2,17692
jacksonms,1,2328
usyd,1,6446
USMC,5,151580
URochester,1,2986
uwaterloo,5,161601
utdallas,6,33787
UTPA,1,1655
UTSA,4,18001
UWMadison,13,27007
ValenciaCollege,2,779
vcu,3,10738
Vassal40k,2,2730
vegas,2,132964
Vegetarianism,2,15584
Velo,11,81050
venturacounty,3,11818
VegRecipes,1,20465
vegetarian,13,198206
vermont,11,38578
vfx,1,46209
victoriajustice,1,13556
vexillology,5,259422
VideoEditing,3,60488
VictoriaBC,7,142317
videography,3,95312
rpisingles,1,76
jakeandamir,1,106555
dogecoin,22,3476856
moderatepolitics,4,44019
jewelry,1,25306
JLeague,1,3751
SampleSize,2,109839
DeadMatter,1,1201
ButtfaceBrigade,1,75
JoshuaTree,1,2347
CadenMoranDiary,34,32868
didyouknow,2,117
Justrolledintotheshop,3,959572
MechanicAdvice,1,336953
Seasonedsmokers,1,140
tailbait,1,406
VietNam,3,29901
VillagePorn,1,23798
video,6,63706
vim,14,87121
vintageaudio,1,39734
vintage,1,2268
VinylCollectors,1,49265
vinylfinds,1,39
violinist,4,29541
visualnovels,5,159748
vita,33,871089
PlantedTank,5,156265
Vocaloid,2,51073
Volkswagen,13,207957
vorg,1,1661
VXJunkies,1,14533
Volvo,1,61619
Wales,2,14162
Waco,1,15417
Warmachine,12,131396
Washington,1,21571
waterporn,3,26182
GreatScenes,1,646
WatchHorology,1,3645
weather,2,50576
Guelph,1,19660
weddingplanning,5,618138
webhosting,1,47316
web_infrastructure,1,30
wedding,8,100364
Diablo3Monks,1,122438
weightroomcontests,5,1381
weightroom,60,304597
WestVirginia,3,19033
wemetonline,5,23816
weightwatchers,1,687
whichbike,5,32075
whatsthisbug,5,286273
whatsthisworth,1,28149
WhitbyOntario,1,114
WhiteRights,1,87694
Wicca,2,66734
wichita,2,25391
whiskey,3,58658
wii,2,23700
WiiHacks,1,15715
williamandmary,3,5012
wine,12,159627
winnipegjets,1,66201
Winnipeg,18,318000
wma,1,26475
WMU,2,2017
woahdude,13,1286511
wisconsin,10,187471
witch_house,7,534
WKU,3,6712
women,1,64101
wollongong,1,4422
WomenOfColor,1,22614
latterdaysaints,6,243927
woodworking,16,592846
worldbuilding,4,313801
ldscirclejerk,1,4967
awfuleverything,3,2700
Diablo3Wizards,1,88365
minecraftsuggestions,4,328297
MineZClans,1,3969
WorldofTanks,34,1115328
wowscrolls,1,8881
wowservers,2,44638
woscriptcraft,2,203
WoT,4,145547
WowUI,2,22568
WritersGroup,4,16691
wp7,12,15701
write,19,6669
wtfstockphotos,9,6057
wsu,2,25941
games4bitcoins,1,322
Throwers,1,91194
couplesGW,2,283
dogecoingiveaways,1,2411
DogeCoinPIF,6,178292
Gaming4Gamers,1,161384
premed,1,177201
TRADE,1,24817
bullying,2,1771
WYR,1,441
xbmc,2,64412
xboxlive,2,6703
Xcom,2,343044
xxfitness,14,559903
LibraryofBabel,1,8472
xoom,4,954
Libraries,1,36069
yoga,12,162550
yiff,3,80678
YAlit,1,10247
yankees,14,63150
Yogscast,2,421544
yrc,1,3528
YouthRights,1,2802
yugioh,46,1572879
YWAM,1,4
zizek,3,3880
zumba,3,740
zooeydeschanel,1,3470
bearsdoinghumanthings,4,4158
BeatingAutistics,15,109
beatingwomen2,7,1093
recordstore,1,7284
mwo,10,281486
reddit_notifier,1,369
CurvyGonewild,1,515
MyLittleFriends,3,93883
BF_Hardline,1,111868
livesound,3,93455
benasqueqi,2,18
LondonGaymers,2,976
HouseofAnubis,1,8
CSSCartel,1,9
fatpeoplehate,1100,1584014
t:1985,14,990
ChildrenOfYsera,2,152
anti300SJW,1,
rolistentothis,1,3805
ronpaulmeme,1,170
RotMG,3,376559
friendsafari,11,6106140
Nikon,1,25113
Biochemistry,2,9480
AstonishingSpiderMan,2,312
DestinyBetaCodes,2,8
PhillyUnion,1,30126
malefashion,4,135333
modmailcirclejerk,2,110
iFunny,2,155
photoshopbattles,3,1161771
SexPositive,1,18584
MCPE,1,149722
orshlab,1,193
dreamcraft,1,1993
cmhocGSP,1,2
silenthill,1,45010
InternetAMA,1,38251
Authentic_Vaping,109,9725
mildlyinfuriating,3,639432
genderqueer,1,45882
asoiafkingdoms,1,1
JamesBond,1,49727
FATErpg,1,7859
fatlogic,712,1359623
RaccoonArmy,1,5
jeddit,3,18393
JETWaterPipes,2,4601
trains,2,27671
readtome,3,206
EDM,4,150330
windowsphone,3,959687
GirlswithNeonHair,1,22725
workaholics,2,47294
Glocks,1,101634
dota2loungebets,10,213774
Baconunicorns4,10,732
roosterteeth,6,1042670
DaystromInstitute,2,203924
Kyle,1,868
mmamemes,2,920
downloadtime,2,1271
SanJose,7,78454
mobile,1,6596
LAlist,1,27628
latvia,1,8211
MorbidReality,23,834710
Motocross,1,70890
stlouisblues,2,212632
scootaloo,1,628
TrueAtheism,5,483614
emetophobia,1,7118
howyoudoin,1,41200
Succession,1,3138
BaseballTradeDeadline,429,3814
survivor,3,721634
creeksidemun,3,4
tabletopgamedesign,2,54879
Dogefaucet,14,817
nude,2,2835
udk,1,4055
mtgjudge,1,14825
MURICA,5,522561
Gunsforsale,2,77243
pkmntcgtrades,3,184457
GWCouples,1,82040
techrecycle,1,434
zuddit,1,49
BestOfPrimeDay,240,7458
crusredsaders,1,1
Hiphopcirclejerk,1,98230
NBA2k,1,313409
BetaOmegaTest,2,3
LGBTeens,1,228090
circojeca,2,16392
FairyTailRP,324,240944
DoxMe,1,168
IncestVideos,1,3225
hockeyplayers,1,118270
tifu,13,2679214
LiberponyPrime,1,14
NeutralPolitics,3,138273
Westerns,1,687
Winchester,1,1768
pokemonarts,1,2262
longrange,1,63419
Nexus10,2,13861
macgaming,1,44926
EvolutionMarket,9,4213
husky,2,24917
FeMRADebates,2,237537
CelebrityPenis,1,416
EssosPowers,6,159
TOUHOUMUSIC,1,3905
DeadlyEighteen,16,15411
deathgrips,72,210810
BitPixr,10,15
PSP,1,26180
fifagifs,1,267
BlackLivesMatter,5,84
tbs,1,2729
krispytest,1,8
nononono,4,186164
Random_Acts_Of_Amazon,214,6652904
nottheonion,11,1736065
RandomActsOfPolish,16,609087
FireBox,1,296
NovelThisMonth,1,2028
ftj,1,673
fireemblem,1,727717
oculus,3,1147542
ReefTank,1,115443
IASIP,2,217348
indiegameswap,2,163381
cleganebowl,5,5242
Injusticegame,1,58654
mentalhealth,1,33934
GiftofGames,1,435278
theeternalwar,1,7813
footballhighlights,1,29018
austincipher,1,3141
Pathfinder_RPG,4,516391
tvcharacterbattle,3,1854
BooksofMythandLegend,1,4
Blackout2015,2,51331
peeling,2,4876
ScenesFromAHat,1,202777
PenmanshipPorn,1,81629
PerfectTiming,1,124949
PersonalFinanceCanada,1,160905
FugueTheGame,1,22
mindcrackredditserver,1,3247
pettyrevenge,3,459725
MinecraftIRL,1,130
cssfactory,1,5
PhilosophyofReligion,2,3814
BosRedSox,1,90
Seahawks,4,785931
videopals,1,12133
KarakuraTown,1,78052
BoysWithBraces,1,101
KentStateUniversity,1,3124
RAOWL,3,27363
Shadowrun,1,128809
ShouldIbuythisgame,7,298057
tomhiddleston,1,57313
Shitty_Watercolour,2,7050
SiouxFalls,1,12077
CityOfLight,7,136
BomburSWE,2,1344
BaseballOffseason16,3,171
FatPeopleFallingOver,6,243
litecoin,2,141745
LeagueOfGiving,1,170889
vodka,1,6121
FIFA,1,1700913
Spiderman,1,132900
weimaraner,1,4646
whatsthisplant,4,156790
wiiu,105,1034721
ElectricForest,1,183553
SRSAccountability,3,281
SRSBeliefs,13,679
SRSQuestions,1,9096
SRSWomen,3,75075
coder13,2,17
Munchkin,1,10891
mudtek,1,383
bestofbrasil,2,
rbb,1,206
Mustang,1,247790
ButtonOlympics,6,954
mydrunkkitchen,1,840
hearthstone,14,4451058
CompetitiveHS,1,234078
ShittyMCMod,2,7
Emo,1,16143
playwriting,1,2770
marvelheroes,1,248133
HamPlanetHatred,47,5546
folktale,1,22
CoonTown,3682,350697
samsung,2,25352
LibertarianDebates,1,22169
FormulaXbox,1,17
FPS,1,355
Liftingmusic,1,7983
HogwartsRP,3,373214
litecoinmining,3,107490
tekkit,2,46600
SRSsucks,15,338216
SSBPM,3,400949
CrossyRoad,1,613
CrowdSurf,50,7556
DarkNetMarkets,1,816868
PrettyLittleLiars,1,431863
DataHoarder,2,58504
progun,7,273221
nocontext_wallpapers,1,4860
ProjectWorld,17,465
swoleacceptance,1,127735
nogagreflex,1,11864
CenturyClubDrama,10,1695
psbattleroyale,2,32336
NorthCarolina,1,77386
purebattlefield,3,57217
notredame,1,7632
queensuniversity,1,12849
notinteresting,2,266165
descentunderground,1,14
rage,7,833359
borkborkborkbork,2,12
Torchlight,5,60077
cfbpoll,1,178
Iria,1,9
Maya,1,24759
MechanicalKeyboards,2,964785
standupshots,2,223196
techsupportgore,10,385060
Metal101,1,9160
RandomActsofMakeup,4,567082
pathofexile,14,1846915
pcmods,1,27401
RatchetAndClank,1,8919
incepticraft,1,15
theunexplained,9,1228
supremeclothing,1,603308
leagueoflegendsFR,1,1175
RedditRescueForce,1,78584
Redditside,1,5145
Redditropolis,1,6011
Chasers,1,2801
GettingDoug,1,2424
GameCluster,1,78
reptiles,3,92275
RepublicOfMusic,2,9299
I_Talk_to_Myself,2,134
CivBermuda,3,20
ChuckPalahniuk,3,432
CivExFrell,15,136
DianeElevenThirtyAM,2,140
RUBEUSROCKS,3,12213
rupaulsdragrace,3,1209562
SanJoseSharks,1,157638
GriefersMc,1,362
CivExStaff,3,19
CivilizatonExperiment,26,133581
GLRP_EastBlue,2,59904
GMAT,1,6521
dodgerssocial,1,9
wagoon,1,116
FitshionVSFatshion,8,12701
CasualConversation,1,2224876
CivPella,2,161
BehindTheTables,3,
StonerProTips,1,65957
collarbonefantasies,4,316
shaveoftheday,2,21216
DoublePieMafia,2,15
coltonisagayfaggot,1,21
Genealogy,1,61984
buildahackintosh,1,283
TheSecretWorld,2,34818
Skullgirls,1,42956
TinyTits,1,54161
ungulateteams,1,4193
TalesFromRetail,7,970508
granturismo,1,38108
slowcooking,4,144901
nsfw_videos,1,6858
Sneakers,4,928168
NBA2KDraftAssociation,1,359
Nbamemes,1,609
genesis_mls,1,22
PlayStationPlus,3,124671
PloungeMafia,1,101677
pokemonbattles,1,35231
pokemonconspiracies,1,51235
spikes,2,374101
Pokemongiveaway,10,2282316
SQL,2,36514
GolfReimagined,1,122
h1z1,1,926749
translation,1,7342
SRSFunny,1,20349
SRSMicroaggressions,1,8354
outside,2,143123
brasildemocratico,1,
Stacked,1,37893
Theatre,1,33933
newhaven,1,13303
paydaytheheist,2,789858
pcmasterrace,34,9579358
steamgrid,1,3862
doterra,1,106
PercyJacksonRP,18,1910441
Chaturbates,1,613
stobuilds,1,35238
jerktalkdiamond,5,199274
xCannabiscuitsx,1,86
mazda,3,80872
WoTAcademy,1,26
FuckHerFace,3,27
EliteDangerous,5,1166673
csgopricecheck,15,952
USMilitarySO,2,19694
Syria,1,8594
CuteFemaleCorpses,13,3638
ECEComponentExchange,1,570
talesfromdesigners,1,1286
TalesFromThePizzaGuy,1,96011
Tallahassee,1,18855
MaddenNFLCF,3,173
tamrielscholarsguild,1,49084
tarantulas,1,39868
Cisco,1,29773
PooFriends,1,1
youtubehaiku,4,329244
EverythingScience,1,64693
damnatio_memoriae,3,28
DanielFromSL,1,45
dbs,7,141
queen,1,10843
icheat,1,177
GreenMountain,1,636
TekkitWars,3,54
Wellington,1,69837
themountaingoats,1,25153
windows8,3,90542
TVReddit,5,769
oregon,1,55686
newsrebooted,2,192
eroticauthors,2,74966
fakeid,1,594853
isaac,1,1
parrots,1,138265
FreckledCumsluts,2,8
redditcasual,3,54161
HunterXHunter,1,114941
redditgetsdrawn,10,540083
every_one_is_mod,2,5472
WriteAStory,1,347
MyLittleSupportGroup,22,67403
RFSL,1,60
roguelikelikes,1,20
SafeSpace,2,99
HeartsOfTheWild,17,908
Indiemakeupandmore,2,419090
Inspectagame,2,96
wht_vets,1,2
InternetPoker,1,3
dinosaurmoustache,3,164
brokehugs,11,41484
see,1,111795
brownladies,1,
Trucks,3,232576
falloutcirclejerk,2,395
PS4,6,3168552
Tulpas,2,107906
TumblrInAction,29,4374441
itsaunixsystem,1,22544
TwoBestFriendsPlay,2,362783
chiromarketing,1,24
TwoXSex,1,36051
WorldofPolitics,1,2982
Shotguns,1,22408
Unashamed,1,15701
shrooms,1,119931
cartoons,3,7383
sheffield,1,12030
vaporents,1,360052
justneckbeardthings,2,385408
GHDUDEDYN,1,241
fireemblemcasual,3,291696
californithon,1,
katebeckinsale,1,1656
kelowna,1,11443
sixwordstories,1,48513
Smite,7,3027016
GODUS,1,13618
conlangs,6,131941
VOIP,1,13745
ploungeafterdark,4,416430
Warframe,7,978513
Warhammer40k,2,353218
socialskills,1,198235
spaceribs,1,28700
FNaFb,3,57830
polandball,15,1282339
PolishGauntlet,1,176998
duelistgamer,1,36
foreveralonebots,2,5835
CBRMercenariesUnite,2,
Roadcam,1,281555
Seireitei,3,220012
Stretched,1,41174
WritingPrompts,1,921521
imagestop,1,1037
DobbysSock,1,
SCP,3,100071
Surface,1,346192
GrandTheftAutoVTalk,5,47
OutOfTheLoop,1,488964
JustAPaddy,1,7699
LucsBlog,2,52
circlejerkaustralia,5,41040
leaguesharp,3,1900
CivNEA,1,
TaylorSwift,1,104130
Elite1Mod,12,300
leopardgeckos,1,13848
elle_nor69,10,475
EllenPaoandfathate,1,583
Emblems_of_Nature,2,108
pallasathena,1,170
Koperski,1,2
fortestingonly,2,10
TheAngieCompetition,2,464
DarknetFightClub,13,
TeenMFA,1,201118
fredballsalzburg,1,4
haererak,1,2
ElitePatreus,3,5276
Tf2Scripts,1,15088
ZenHabits,1,28811
enantiodromia_vault,7,414
FrontPage,9,7275
TheDarkKnightRises,1,14519
MauvaisConseil,1,22
RapeSquadKillas,1,37986
TheJerkies,1,2071
theketodiet,2,14260
FUI,2,1153
TheRedLion,2,153951
hatirzhil,1,1
TheWarZ,3,73064
readitforwp,28,7091
redditpolish,1,44986
reditr,2,2672
malelivingspace,1,79597
MakeupAddicts,1,126278
Restorethe4thMA,2,297
RESissues,1,29886
restorethefourth,1,65135
GCXRep,19,48605
modeveryone,8,8115
EmeraldPS2,2,124379
consolemafiamods,23,
marvelstudios,7,549946
MegaManlounge,9,36186
MashE,1,5003
KadicAcademy,1,2112
PKA,3,497791
Muscle,1,28
MilitaryGfys,1,36872
MH370,1,70880
Shitstatistssay,1,129507
Shitty_Car_Mods,2,391089
militaryatheists,1,338
minnesotaunited,1,44164
sixthworldproblems,1,4882
thatHappened,1,716226
cure,3,7
uglyduckling,1,46405
smoking,1,70497
sneakermarket,2,86210
fapnrpg,5,68
GlobalOffensiveTrade,522,2779782
fauxlion,2,7
Morphs,1,3974
FileListRO,4,334
Jaimen,1,317
POLITIC,46,659533
Multicopter,2,334947
PotterPlayRP,4,619228
watchpeopledie,1,365654
GrayMatterGaming,1,8
MUTCoinSelling,10,26396
whatisthisthing,2,616659
GasTheKikes,93,3478
GMOMyths,3,9118
MyLittleMotorhead,2,9989
SuperShibe,1,44902
subrosa,1,3706
GetSuave,3,541
quityourbullshit,1,233850
SWARJE,2,27564
flattishexperimental,1,5
JoeyRio,1,16
tales,1,37998
MHOC,48,111262
NeoGAF,6,497
khuang7_cs,2,7
Fph,5,785
RedditIsRacist,2,266
Freimark,2,32
TeenAspies,1,459
Netrunner,1,225502
Fuckstannis,9,101
saab,1,36618
TheBluePill,9,505295
thelastofus,2,160268
WatchItForThePlot,15,106782
endurocross,1,202
TheRedPill,11,1553961
HandsomeDemons,1,183
xxketo,3,268356
groverepublic,1,2
ShitPeasantsSay,1,48
HoldMyNip,7,2384
nomorals,2,663
noporn,3,220
nl_Kripparrian,1,41638
Melanchoir,1,11
nonprofit,1,15517
NoStupidQuestions,2,636193
notcosplaygirls,1,840
fo4,1,209923
nsfwtop,1,1207
furrylobby,1,1905
nyjets,1,240892
tressless,1,38104
M1Rifles,2,4981
Galihan,1,128
MissedConnections,1,237
mainecoons,1,4941
Turkey,2,133985
ontario,1,92495
starcitizen,1,1280379
xkcdcomic,5,83
Italia,2,100
PrettyGirlsUglyFaces,1,65598
emobatman,60,
OutsideLands,1,15264
vapeitforward,1,45129
softwareswap,1,61154
pantsu,2,31826
PickAnAndroidForMe,1,52477
NeoFAG,9,52566
EtrianOdyssey,1,7745
FNaF,2,1097
PaxPassExchange,1,13172
SVExchange,15,2877911
SVgiveaway,1,27935
smyths,1,4487
Whatcouldgowrong,1,297499
randomsuperpowers,1,723481
whowillbuildtheroads,3,14341
whowouldwin,9,2484365
MarcoPoloNetflix,3,8
gameofbands,1,15864
WildStar,2,789213
imaginaryargument,1,3
mccaffertyband,1,11
MillerPlanetside,1,100964
RedditRecon,1,1474
GGCSGO,2,209
internetbaby,1,76
iOSFonts,1,336
TheFutureIsNow,2,3576
TheFence,1,45527
itsandrewbabe,47,848
TechoBlanco,143,75780
pitchforkfest,3,2676
geo1088_sb_2,2,
secretland,4,598
Jora,1,48
GGFreeForAll,1,
justlegbeardthings,9,2582
GoblinTechies,1,6
shittyprogramming,20,40288
KarmaCourt,20,121837
xboxone,3,3322363
Toonami,1,263898
Toontown,44,140653
Xcution,2,36504
girlotakus,3,
youtubers,1,36697
killingboys,1,227
goodreads,1,126
playrust,1,384616
ploompax,2,32800
gloucestercatholic,1,3
Livebeef,1,39
K4FCSSTestSub,1,57
ffx,1,3244
KillLaKill,1,117261
POV,2,440
poketradereferences,1,128421
Oppression,4,9831
GoPrivatePyongyang,3,41
KotakuInAction,13,2087964
NarcoticsUnitAMA,4,1174
hardwarefix,2,34
PandacoinPND,2,1879
punchablefaces,239,200179
fortheloveofgaming,2,
hcteams,98,166185
pythonbeta,1,3
MSE2015CIM,1,77
OKBestFace,6,60385
trueaustralia,80,564
fuckyeahsexyteens,1,321
YGOBinders,1,188889
FrenemyemyMasons,2,9
GunnitHallOfShame,101,8062
randomrosie,1,6
Orton,1,5
guntotingpotato,2,108
psychedelicrock,1,25622
twitchplayspokemon,6,1194249
PurplePillDebate,4,592972
HalfbuiltHistory,1,143
quilting,2,53343
lhc,5,84
hipcleavage,1,714
UHCHosts,8,1334
Redhotsillyfecker,24,2534
lightpainting,2,1058
LilyGarments,1,71
HeroesReborn,3,1254
ForeverUnwanted,29,
lolMorbidReality,1,731
neoconservatism,1,144
unpopularopinion,1,24760
MHOCPress,22,18351
Goximo,2,
RDDT6,5,3029
HighQualityGifs,4,118733
horny,1,45
frenchside,1,
holytoledobeta,3,99
rapbattles,1,99661
Minescow,1,13
mingers,3,8
rawdenim,1,550402
RBA,1,102843
gujarat,1,56
HigginsMoon,1,232
nintendo3dsroms,9,305
IncestGifs,5,5195
PhotoshopRequest,5,153668
redditgetsdrawnbadly,2,12845
seattlephotos,1,18
ModelRepublicans,1,1
Maxisma,5,648
ShitNiggersSay,2,50
inFAMOUSRP,2,142796
Quincy,2,48
rickandmorty,1,297527
MHOCCooperative,1,32
MHOL,2,1765
Imaginaryjack,1,45
skinnypeoplehate,1,46
HolyPao,11,239
SmarterEveryDay,1,6280
OptimisticHoboLife,1,66
NibbleMyNipples,1,26
JonTron,5,131845
HxHTest,1,226
NudeSelfies,1,821
TheMixedNuts,1,10144
PokemonPlaza,1,842610
ideas,2,5943
impostors,1,6
homeopathy,4,1259
SharedACTown,1,10823
shield,1,320785
Hospitality,1,708
PEDs,22,21723
ShitAmericansSay,1,221233
LakeheartDominion,3,11
ORAS,3,75
Showerthoughts,1,3071036
Kiniki,1,9
sickbeard,2,1375
PhantomandFriends,1,7834
krock,1,
irdl2015,1,10
goygoytr,2,
IslamiicState,1,59
stripclubs,3,94
truthseers,1,739
JoeRogaine,2,648
job,1,345
pinyin,1,37
learnjava,1,7494
kati3kat,3,270
Neopia,7,2732
spotted,1,49162
NewMarvelRp,1,75074
tcgopenings,1,62
Kijafa,1,180
KikeTown,8,267
TeenageSage,16,606
rendezvousgaming,1,1
King,5,345
ModelUSHouseBudgetCom,3,19
modeveryonereborn,3,223
teslamotors,1,193387
Thaumcraft,1,4791
SRSMailbag,1,7692
Monsterpandatest,1,1
LoXR,1,23
PornstarRating,13,2269
kryptguide,1,133
GoldLittleFingerIV,5,
ladymormont,4,130
GushingGirls,1,313
steak,1,23352
tim_and_dave,1,6
Leagueoflegendsboost,2,2
NFLTurtleClub,1,183
streetwear,1,682623
mbtiminus,1,17
MaymayZone,2,5033
MerylRearSolid,165,19712
metaboardgames,2,971
roastedbagel,1,501
oddmodsquad,3,6
Omnipotent_League,141,112920
RedditBravo,2,34
MHOCEDM,1,2123
OnOff,15,76335
haftr,1,331
RedditMadden,1,157
RedditWarriors,7,698
TalesFromTheFrontDesk,1,53064
ReETest,3,11
MichiganRoseCoC,1,6
IndieBang,1,
SmiteTradingPost,2,11791
minionlove,1,121
Misogynyfetish,5,624
TheCommonRoom,1,21
SecretoftheSolstice,1,2
pcicompliance,1,458
MNZGov,5,1091
LHLThrashers,1,10
moistgarage,3,151
TLoL,4,2406
MhOir,1,3656
videostheme,1,1
HighschoolDxDCJ,1,1961
VivillonExchange,9,22136
PhilosophyOfRape,13,1116
HUKD,4,34157
Ripster,1,2625
lolibutt,1,3
Lolicons,43,16418
SexyPetite,1,10
titanfall,3,408550
LovingIt,1,45
youreamod,1,1399
ShittyAskTechSupport,1,1
projecterddos,1,680
ProjectRunway,4,31296
ps4crew,2,2669
hookertalk,4,689
Hot_Women_Gifs,2,14374
LeagueofMasters,4,
RedditMist,1,7060
LegendsOfTamriel,1,
leostrauss,1,10
LetsGoToIceland,2,
MemeWeavers,1,239
RapingWomen,16,2338
metaFirearms,3,52
Reddeadthreads,6,19
ImperialismDoneRight,1,
sensor,11,10212
Meudhros,2,435
mflbninjasguide,2,2
rektrollers,2,29
nihilism,1,9232
ultrahardcore,3,881105
RogueLegend,1,9
Roguetroll,1,28
RoleplayTES,1,576
nrl,1,839690
User_History_Bot,2,1130
uvic,1,10765
korbendallas,1,5
MistralRearSolid,3,69
Vermiculture,1,1665
samharris,4,6442
TorontoEscortReviews,1,349
novelrecordings,3,76
nine,1,6
mmabets,5,743
nsfw_maledom,4,186
seizures,1,143
osucommunity,1,2722
NotANestleShill,1,
Sexysasha20,3,1814
Sharks_Stuff,1,262
NRIBabes,5,3379
nycHistory,1,511
ModelUSSoapbox,6,198
slackware,1,2022
Vivillon,1,67492
walmart,1,85727
WaltDisneyWorld,2,169850
TagProFFL,1,89
smashcirclejerk,13,95696
TagPro,1,523184
WarshipPorn,1,127929
SnooNotes,1,1
testlafd,1,3
watercooling,1,72411
PESCM,1,13
sf5,1,137
SocialMediaSluts,1,1057
TheJavaBrewery,2,133
sotah,3,147
MischiefManagedRP,9,
murder,1,378
PokeMafia2,2,182
PokemonForAll,1,43208
wolverhampton,1,119
TISFL,1,1
ModelStockExchange,1,
PCOSloseit,1,40
stevenuniverse,2,705983
theanthonycumiashow,3,1546
VOY,3,16
ygo,2,77
themacstore,1,13
pleasewatchme,8,
toulouse,1,1245
trackmyfood,1,119
TradCatholic,1,11
TheCreatures,1,84455
TheDescendantsOfRome,1,425326
Lions,2,235
swordartonline,2,115382
LeftWithoutEdge,2,
thetestpond,1,29
TACSdiscussion,2,84844
randirona,4,110
Tankers,1,182
realmusicmasterrace,15,498
Template98,1,9
vehicles,1,51
TerrariaHouses,1,1
playtribes,1,23
ThatOneSong,1,74
UberHaxorNova,1,5
youtube,1,114027
UltimateClub,1,1
trashy,1,502760
RandomActsOfWizardry,4,
Wrentham,1,1
UnitedVolterra,1,30
ryuuseigai,8,6378
whereisthis,10,10769
RealLifeFootball,29,5054
TorInAction,2,2196
UpliftingNews,1,349325
Prettypleaseeemily,3,89
Shephen,2,16
MegaLoungeCirclejerk,2,125
ShinobiIncremental,1,4
shittyreactiongifs,8,81586
ViennaSquares,2,39
UnleashTheBeast,1,142
SmogGB,7,22336
niggervideos,1,342
xboxachievements,1,538
NNTester,2,21
PvMvT,9,3314
syriancivilwar,1,627097
WhoWouldWinWorkshop,1,1136
SerialGrudgeMatch,1,1002
weekendgunnit,2,203931
walewatching,1,1
nsfl,2,9221
witcher,1,649671
WorldOfWarships,1,175494
TaydolfSwiftler,2,279
TeamSolomid,1,38728
wwesupercardpcc,2,11
technicalFNaF,1,1293
OurLeagueEU,1,56
thesopranos,1,30474
TheVeneration,1,22586
TheWolfAmongUs,1,9455
wwesupercard,18,97212
wweimmortals,1,5735
wwenetwork,59,25593
rughooking,1,17
SCVRush,1,12
serialpodcastorigins,8,8324
OvermindDirectDeals,1,
P373R,3,
ShitRamsaySays,2,729
showerquestions,1,1391
vzla,1,105002
WeAreRealMusicMakers,3,12
SNP,1,134
Penmen,1,
XOFPatriot,3,
VicBiasWatch,2,
newemobatman,2,
PLMResistanceGame,1,2
pokemonfanfiction,1,1199
YEtalk,2,241
SRS,4,834
Pomf,26,4275
pr0grammgonewild,2,9
Strawmen,1,239
ProMemerLeague,4,618
SurvU,1,2
tf2circlejerk,2,1045
offensivetest,1,
Wishlist,7,403598
qh9zwg4ahxn4trrn7w3z,1,2
pwr,1,4264
Steroidsourcetalk,1,125202
Quranimals,1,12
r6k,4,261
ThunderTest,1,1
Tarte,7,223
REKIJOundPANZER,5,
redtaboo,1,557
rathat,5,51
survivorcss,3,22
TheSilverCage,15,1106
rupaulsdragracedrama,1,
troxellophilus,7,203
turnfm,3,1121
ripmerry,2,25
RLTPProjectA,1,2
XWingTMG,1,136425
USExpatTaxes,2,104
SecretBallotMafia,2,
RunningSimulator,3,20
zen,1,433079
videomeat,3,905
Sanchang,1,19
saudiarabia,2,39815
skinnyfit,1,247
secretsniper,3,4422
SeriousConversation,1,12508
sexytimechat,5,12506
SexWithDogs,27,14833
SexyAbortions,2,655
SexyAthletes,2,792
sexwithhorses,1,750
SherpaLounge,1,226
SHHHHHEEEEEEEEIIIITT,7,7023
shotacub,1,2249
WinMyArgument,2,3359
PokemonSpecialRP,1,
slutsbedrunk,3,1758
tppidesigntest,1,2
TPWISAFUCKINGBITCH,2,245
trap,1,229378
probation,1,171
popgoes,2,22
redpillfatherhood,1,43
StalinSquadSezWhat,4,222
TestGrounds,1,82
The1CrazyCatMan,7,
quaxie,1,
RobinHood,1,3021
StraightShota,1,368
stream,7,235
RCMarket,1,
Web_Programming_RVA,3,
SwedenYes,14,1761
TakingTheBlack,12,302
TalesofFatHate,6,22890
wynonnaearp,1,
yiactioncam,1,
TemplarCommunity,3,151
SisypheanHigh,3,456
ThatsMyFetishFred,1,7
TheDesert,7,677
TheEricAndRussellShow,1,58
TheGoyimKnow,1,340
TheIllemonati,1,102
thestompingland,1,10241
ThriceIsNice,2,243
TibiaMMO,3,20531
todcon,1,271
TopCelebGifs,1,188
slashpremium,1,
tudoviaRP,12,156
SoCalDrinking,1,
ubrokenarrow,1,260
UKBiscuits,1,891
SubOhmTanks,1,36
Urubu,1,15
VanuRoyals,2,32
survivorrankdown2,1,649
Swedditplus,1,4
wheredoifind,2,4
whitesarecriminals,3,20
WhitesWinFights,3,225
WhitneyWisconsinSub,1,1348
TheBelleTower,1,17
TheCrownedStag,1,1
